label,label2,ascii_name_fix,label_orig,label2_orig,label_final,Burger,Chicken,Kebab,Pizza,Fast Food,valid,bal
British,Burger,scruffy duffys,British,Burgers,Burger,0,0,0,0,0,True,0
Burger,British,bssc,American,British,Burger,0,0,0,0,0,False,14
Mexican,Burger,chicho takeaway,Mexican,Burgers,Burger,0,0,0,0,0,False,16
English Breakfast,Burger,jannines cafe bar,English Breakfast,Burgers,Burger,0,0,0,0,0,True,0
Lebanese,Burger,gru shisha lounge  and  restaurant,Lebanese,Burgers,Burger,0,0,0,0,0,True,0
Burger,Sand/Caf/Bake,"gems diner, breakfast-carvery-burgers",Burgers,Breakfast,Burger,1,0,0,0,0,False,12
Burger,Burger,route 36,Burgers,American,Burger,0,0,0,0,0,True,0
Burger,Lunch,nanny bills @ boxpark,Burgers,Lunch,Burger,0,0,0,0,0,True,0
Burger,Burger,burger station,American,Burgers,Burger,1,0,0,0,0,True,0
Burger,Sand/Caf/Bake,nuffield burger bar,Burgers,Breakfast,Burger,1,0,0,0,0,False,30
Burger,Pizza,burger jim branton,Burgers,Pizza,Burger,1,0,0,0,0,False,15
Burger,Healthy,deli no1 flemingate,Burgers,Healthy,Burger,0,0,0,0,0,True,0
Burger,Burger,the ferret,American,Burgers,Burger,0,0,0,0,0,False,13
Burger,English,ginoz,American,English,Burger,0,0,0,0,0,False,12
Gourmet,Burger,gordon mighty,Gourmet,Burgers,Burger,0,0,0,0,0,False,6
Burger,Grill,barringtons,Burgers,Grill,Burger,0,0,0,0,0,True,0
British,Burger,lina bistro,British,Burgers,Burger,0,0,0,0,0,False,13
Grill,Burger,charcoas,Grill,Burgers,Burger,0,0,0,0,0,True,0
Burger,Spanish,stollies evening tapas,Burgers,Spanish,Burger,0,0,0,0,0,True,0
Burger,Burger,burgerbox kitchen,Burgers,American,Burger,1,0,0,0,0,False,17
Vegan,Burger,happy friday kitchen,Vegan,Burgers,Burger,0,0,0,0,0,False,20
Burger,Burger,nicebites,American,Burgers,Burger,0,0,0,0,0,False,15
Burger,Grill,main stop,American,Grill,Burger,0,0,0,0,0,False,17
Burger,Burger,cafe clock,American,Burgers,Burger,0,0,0,0,0,True,0
Mediterranean,Burger,la maison,Mediterranean,Burgers,Burger,0,0,0,0,0,True,0
Burger,Pies,coffee beanz takeaway,Burgers,Pies,Burger,0,0,0,0,0,False,13
Burger,Burger,mystic kitchen,Burgers,American,Burger,0,0,0,0,0,True,0
Sand/Caf/Bake,Burger,diago's deli hot sandwich's and gourmet burgers nw,Breakfast,Burgers,Burger,1,0,0,0,0,False,14
Burger,Vegan,wrap culture at ten green bottles,American,Vegan,Burger,0,0,0,0,0,True,0
Burger,Desserts,mil's burgers  and  shakes,Burgers,Desserts,Burger,1,0,0,0,0,True,0
Healthy,Burger,nutrient power,Healthy,Burgers,Burger,0,0,0,0,0,True,0
BBQ,Burger,the smoke pit,BBQ,American,Burger,0,0,0,0,0,False,21
Burger,Gourmet,burger shack swansea.com,Burgers,Gourmet,Burger,1,0,0,0,0,True,0
Burger,British,hillman's burgers,Burgers,British,Burger,1,0,0,0,0,True,0
Burger,Grill,krave burgers and grill,Burgers,Grill,Burger,1,0,0,0,0,False,14
Burger,Chicken,beats burger,Burgers,Chicken,Burger,1,0,0,0,0,False,14
Pizza,Burger,grillicious gourmet burgers  and  shakes,Pizza,Burgers,Burger,1,0,0,0,0,True,0
Burger,Burger,burger corner,Burgers,American,Burger,1,0,0,0,0,True,0
Burger,Burger,omg,American,Burgers,Burger,0,0,0,0,0,True,0
Burger,Burger,smoky boys @ boxpark,American,Burgers,Burger,0,0,0,0,0,True,0
Burger,Burger,plantation bar  and  grill,American,Burgers,Burger,0,0,0,0,0,True,0
European,Burger,firth restaurant,European,Burgers,Burger,0,0,0,0,0,False,13
Burger,British,blue commando burger bar,Burgers,British,Burger,1,0,0,0,0,False,5
Burger,Burger,beanies,American,Burgers,Burger,0,0,0,0,0,False,21
Burger,Burger,cowtown grill,American,Gourmet Burgers,Burger,0,0,0,0,0,True,0
Burger,Fusion,the quarter,American,Fusion,Burger,0,0,0,0,0,True,0
Burger,English,mr. chips,American,English,Burger,0,0,0,0,0,False,20
Burger,Burger,mark's american diner,American,Burgers,Burger,0,0,0,0,0,True,0
Burger,Halal,the great american waffle house,American,Halal,Burger,0,0,0,0,0,True,0
Burger,Kebab,tj's burgers - opposite rugby stadium,Burgers,Kebab,Burger,1,0,0,0,0,False,9
Burger,Burger,wicked burger,Burgers,American,Burger,1,0,0,0,0,False,13
Burger,Burger,sharon's kitchen @ the merry fiddlers,Burgers,American,Burger,0,0,0,0,0,False,15
Burger,Burger,lenny's diner,American,Burgers,Burger,0,0,0,0,0,False,14
Burger,British,the george - hitchin,Burgers,British,Burger,0,0,0,0,0,True,0
Burger,Tex Mex,so! bar and eats - harrogate,Burgers,Tex Mex,Burger,0,0,0,0,0,False,14
Burger,Vegan,bear kitchen,American,Vegan,Burger,0,0,0,0,0,True,0
Burger,Steak,eeshis kitchen,Burgers,Steak,Burger,0,0,0,0,0,False,17
Burger,Burger,west coast rock cafe,American,Burgers,Burger,0,0,0,0,0,False,24
Steak,Burger,bison steakhouse,Steak,Burgers,Burger,0,0,0,0,0,True,0
Burger,Gourmet,big bun,Burgers,Gourmet,Burger,0,0,0,0,0,True,0
Burger,Burger,bar brig,American,Burgers,Burger,0,0,0,0,0,False,17
Burger,Tex Mex,ed's urban eats,American,Tex Mex,Burger,0,0,0,0,0,True,0
Burger,British,baba ganoush,American,British,Burger,0,0,0,0,0,True,0
Steak,Burger,smoky's steak  and  grill,Steak,Burgers,Burger,0,0,0,0,0,False,23
BBQ,Burger,backyard bbq,BBQ,American,Burger,0,0,0,0,0,True,0
Middle Eastern,Burger,le bistro,Middle Eastern,Burgers,Burger,0,0,0,0,0,True,0
Burger,Burger,burger junkie,Burgers,American,Burger,1,0,0,0,0,True,0
Burger,Burger,just burger,Burgers,American,Burger,1,0,0,0,0,True,0
Burger,Burger,the wicked bun,Burgers,American,Burger,0,0,0,0,0,False,13
Burger,Vegetarian,uncle sams hamburger express,Burgers,Vegetarian,Burger,1,0,0,0,0,True,0
Grill,Burger,grillshack,Grill,Burgers,Burger,0,0,0,0,0,True,0
British,Burger,abbey gates,British,American,Burger,0,0,0,0,0,False,21
Burger,Mexican,steak  and  cherry,American,Mexican,Burger,0,0,0,0,0,False,15
Burger,Burger,cafe at the end of the universe,Burgers,American,Burger,0,0,0,0,0,True,0
Burger,Grill,krave burgers  and  grill,Burgers,Grill,Burger,1,0,0,0,0,True,0
Burger,Grill,zak's cafe  and  grill,Burgers,Grill,Burger,0,0,0,0,0,False,21
Burger,Burger,nyc bar and grill,American,Burgers,Burger,0,0,0,0,0,True,0
Caribbean,Burger,delicias del caribe,Caribbean,American,Burger,0,0,0,0,0,True,0
Burger,Desserts,"smokeys - burgers, shakes  and  shisha",American,Desserts,Burger,1,0,0,0,0,False,18
Burger,Steak,tribez steak  and  grill,American,Steak,Burger,0,0,0,0,0,True,0
Burger,Gourmet,jak's kitchen,Burgers,Gourmet,Burger,0,0,0,0,0,True,0
Gourmet,Burger,bigger better burgers,Gourmet,Burgers,Burger,1,0,0,0,0,False,23
Burger,Burger,get chucked,American,Burgers,Burger,0,0,0,0,0,False,15
Burger,Burger,burgerz n brewz,American,Burgers,Burger,1,0,0,0,0,True,0
English,Burger,deno's return ltd,English,American,Burger,0,0,0,0,0,False,14
Mexican,Burger,sombrero mexican restaurant  and  takeaway,Mexican,Burgers,Burger,0,0,0,0,0,True,0
Burger,Gourmet,memphis restaurant,American,Gourmet,Burger,0,0,0,0,0,True,0
Burger,Grill,djs rib shack,American,Grill,Burger,0,0,0,0,0,True,0
English,Burger,family bakers,English,Burgers,Burger,0,0,0,0,0,True,0
Burger,Desserts,brooklyn craft burgers,Burgers,Milkshakes,Burger,1,0,0,0,0,True,0
Burger,Chicken,o!burger,Burgers,Chicken,Burger,1,0,0,0,0,False,14
Burger,Pizza,burger jim,Burgers,Pizza,Burger,1,0,0,0,0,True,0
Burger,Sand/Caf/Bake,hand crafted burger  and  cake cafeteria,Burgers,Breakfast,Burger,1,0,0,0,0,False,11
Burger,Burger,tinseltown leicester,American,Burgers,Burger,0,0,0,0,0,True,0
Steak,Burger,chicago steakhouse,Steak,American,Burger,0,0,0,0,0,True,0
Grill,Burger,theo's grill,Grill,Burgers,Burger,0,0,0,0,0,True,0
Burger,English,ferrara,American,English,Burger,0,0,0,0,0,True,0
Burger,Burger,munch american gourmet,American,Burgers,Burger,0,0,0,0,0,False,16
Burger,Hot Dogs,burger  and  dogs,Burgers,Hot Dogs,Burger,1,0,0,0,0,True,0
Burger,Chicken,burgerland,Burgers,Chicken,Burger,1,0,0,0,0,False,13
Burger,Burger,floyds gourmet burger bar ltd,Burgers,American,Burger,1,0,0,0,0,True,0
Burger,Burger,smeaton smokehouse  and  chargrill,Burgers,American,Burger,0,0,0,0,0,True,0
Burger,Spanish,uncle harry's @ cambridge hotel,American,Spanish,Burger,0,0,0,0,0,False,11
Burger,Chicken,krunk burgers  and  shakes,Burgers,Chicken,Burger,1,0,0,0,0,True,0
Grill,Burger,the shack 68 twickenham,Grill,Burgers,Burger,0,0,0,0,0,False,14
Burger,Burger,friendly phil's port solent,American,Burgers,Burger,0,0,0,0,0,True,0
Burger,Burger,american bbq  and  burger,American,Burgers,Burger,1,0,0,0,0,True,0
Gourmet,Burger,yummie grill,Gourmet,Burgers,Burger,0,0,0,0,0,True,0
Burger,Burger,the hungry viking burger co,Burgers,American,Burger,1,0,0,0,0,False,16
Burger,BBQ,the forge kitchen,Burgers,BBQ,Burger,0,0,0,0,0,True,0
Caribbean,Burger,island vibes,Caribbean,Burgers,Burger,0,0,0,0,0,True,0
Burger,Sand/Caf/Bake,vip'z burger house,Burgers,Breakfast,Burger,1,0,0,0,0,True,0
Burger,Chicken,havana burgers  and  shakes,Burgers,Chicken,Burger,1,0,0,0,0,True,0
Burger,Indian,khan's burgers,American,Indian,Burger,1,0,0,0,0,True,0
Burger,BBQ,tiptree bar-b-q,American,BBQ,Burger,0,0,0,0,0,False,18
Burger,Burger,big g's diner,American,Burgers,Burger,0,0,0,0,0,False,12
Burger,French,the terrace bar  and  cafe,Burgers,French,Burger,0,0,0,0,0,False,11
Burger,Mexican,harbour grill,American,Mexican,Burger,0,0,0,0,0,True,0
Burger,Grill,grill  and  bun,Burgers,Grill,Burger,0,0,0,0,0,True,0
Chicken,Desserts,burger dome,Chicken,Milkshakes,Burger,1,0,0,0,0,False,17
Burger,BBQ,smoke stop the road to bbq,American,BBQ,Burger,0,0,0,0,0,True,0
Mediterranean,Burger,wagah grill house,Mediterranean,American,Burger,0,0,0,0,0,True,0
Vegan,Burger,dirty vegans,Vegan,Burgers,Burger,0,0,0,0,0,True,0
Burger,Burger,bburger,American,Burgers,Burger,1,0,0,0,0,False,15
Burger,Desserts,burger hut,Burgers,Desserts,Burger,1,0,0,0,0,True,0
Burger,Gourmet,tee's burger joint,Burgers,Gourmet,Burger,1,0,0,0,0,False,15
Burger,Burger,club147,American,Burgers,Burger,0,0,0,0,0,True,0
Burger,Burger,bite me burger co,American,Burgers,Burger,1,0,0,0,0,False,17
Grill,Burger,grill klub,Grill,Burgers,Burger,0,0,0,0,0,True,0
English Breakfast,Burger,oasis cafe,English Breakfast,Burgers,Burger,0,0,0,0,0,False,22
Burger,Burger,wicked burgers,Burgers,American,Burger,1,0,0,0,0,False,18
Mexican,Burger,taste of mexico,Mexican,Burgers,Burger,0,0,0,0,0,True,0
BBQ,Burger,van winkle,BBQ,Burgers,Burger,0,0,0,0,0,False,16
Burger,Burger,beef bite,American,Burgers,Burger,0,0,0,0,0,True,0
Burger,Grill,gourmet burgers  and  grill,Burgers,Grill,Burger,1,0,0,0,0,True,0
Burger,Vegan,oasi burger,Burgers,Vegan,Burger,1,0,0,0,0,True,0
Burger,European,bakehaus,Burgers,European,Burger,0,0,0,0,0,False,24
Burger,Burger,brgr edinburgh,Burgers,American,Burger,0,0,0,0,0,True,0
Burger,Burger,american bbq and burger co.,American,Burgers,Burger,1,0,0,0,0,False,11
Burger,Burger,boston burgers and shakes,Burgers,American,Burger,1,0,0,0,0,True,0
Burger,Grill,hoagies,American,Grill,Burger,0,0,0,0,0,False,11
Burger,Chicken,3 bs burger,Burgers,Chicken,Burger,1,0,0,0,0,True,0
Mexican,Burger,mad cafe,Mexican,Burgers,Burger,0,0,0,0,0,True,0
Burger,Caribbean,coco b's,Burgers,Caribbean,Burger,0,0,0,0,0,True,0
Burger,Vegetarian,poptata,American,Vegetarian,Burger,0,0,0,0,0,True,0
Burger,Gourmet,the fabulous burger boyz @ pl4,Burgers,Gourmet,Burger,1,0,0,0,0,True,0
Burger,Sand/Caf/Bake,the burger station,Burgers,Breakfast,Burger,1,0,0,0,0,True,0
Grill,Burger,cafe sono,Grill,Burgers,Burger,0,0,0,0,0,False,22
Burger,Chicken,burger  and  wings,Burgers,Chicken,Burger,1,0,0,0,0,True,0
Burger,Gourmet,opla gourmet burgers,Burgers,Gourmet,Burger,1,0,0,0,0,True,0
Burger,Grill,burger club,Burgers,Grill,Burger,1,0,0,0,0,False,23
Burger,Desserts,yolo burger  and  milkshake bar,Burgers,Milkshakes,Burger,1,0,0,0,0,False,18
Burger,Burger,bun  and  steak,Burgers,American,Burger,0,0,0,0,0,True,0
Burger,Burger,friendly phil's chatham,American,Burgers,Burger,0,0,0,0,0,True,0
Burger,Burger,crafted,American,Burgers,Burger,0,0,0,0,0,True,0
Burger,Halal,burger street,Burgers,Halal,Burger,1,0,0,0,0,False,15
Burger,Burger,burger daddy,American,Burgers,Burger,1,0,0,0,0,True,0
Burger,Dinner,feed @ saint vincent,American,Dinner,Burger,0,0,0,0,0,True,0
Burger,Burger,jacks house,American,Burgers,Burger,0,0,0,0,0,True,0
Burger,Steak,rocky's easy diner,Burgers,Steak,Burger,0,0,0,0,0,False,14
Vegan,Burger,mooshies,Vegan,Burgers,Burger,0,0,0,0,0,True,0
English,Burger,burger town,English,American,Burger,1,0,0,0,0,True,0
Mexican,Burger,mexican kitchen,Mexican,Burgers,Burger,0,0,0,0,0,True,0
Burger,Vegan,bag of holding,Burgers,Vegan,Burger,0,0,0,0,0,False,14
Burger,Burger,chuck burger bar @ the big chill,Burgers,American,Burger,1,0,0,0,0,False,16
Burger,Desserts,burger  and  shake station,Burgers,Milkshakes,Burger,1,0,0,0,0,True,0
Burger,Chicken,moo burgers,Burgers,Chicken,Burger,1,0,0,0,0,True,0
Pizza,Kebab,burger bites  and  grill,Pizza,Kebab,Burger,1,0,0,0,0,True,0
Burger,Grill,rodeo's,American,Grill,Burger,0,0,0,0,0,True,0
Burger,Burger,burger 2 night,Burgers,American,Burger,1,0,0,0,0,False,14
British,Burger,mac and wild devonshire square,British,Burgers,Burger,0,0,0,0,0,True,0
Burger,Burger,fat burger camden,Burgers,American,Burger,1,0,0,0,0,True,0
Japanese,Burger,westeros sushi  and  burgers,Japanese,Burgers,Burger,1,0,0,0,0,True,0
Burger,Burger,20 burgers,Burgers,Gourmet Burgers,Burger,1,0,0,0,0,False,7
Burger,Burger,tob burgers,Burgers,American,Burger,1,0,0,0,0,False,18
Burger,Burger,kerbedge,Burgers,American,Burger,0,0,0,0,0,True,0
Burger,Burger,abm happy kitchen,American,Burgers,Burger,0,0,0,0,0,False,12
Burger,Burger,el perro negro,American,Burgers,Burger,0,0,0,0,0,False,19
Burger,Burger,atlantica snack bar,Burgers,American,Burger,0,0,0,0,0,False,22
Burger,Burger,eds easy diner - victoria place,American,Burgers,Burger,0,0,0,0,0,False,23
Burger,Burger,american bbq  and  burger company,American,Burgers,Burger,1,0,0,0,0,False,17
Pasta,Burger,zitti,Pasta,Burgers,Burger,0,0,0,0,0,False,13
Burger,Grill,fat mat's american grill,American,Grill,Burger,0,0,0,0,0,True,0
Burger,Steak,hunters grill,Burgers,Steak,Burger,0,0,0,0,0,False,23
Burger,Burger,smokin griddle,Burgers,American,Burger,0,0,0,0,0,True,0
Burger,British,topp's hot  and  cold food bar,Burgers,British,Burger,0,0,0,0,0,True,0
Burger,Burger,rotunda diner,American,Burgers,Burger,0,0,0,0,0,False,14
Burger,Burger,po' boyz,American,Burgers,Burger,0,0,0,0,0,True,0
Burger,Burger,firepit rocks,Burgers,American,Burger,0,0,0,0,0,False,14
Grill,Burger,steak house,Grill,Burgers,Burger,0,0,0,0,0,True,0
Steak,Burger,kingrill,Steak,Burgers,Burger,0,0,0,0,0,True,0
British,Burger,1761 manchester,British,Burgers,Burger,0,0,0,0,0,False,15
Mexican,Burger,la casita mexican,Mexican,Burgers,Burger,0,0,0,0,0,False,14
Steak,Burger,hs and co.,Steak,Burgers,Burger,0,0,0,0,0,False,12
Burger,Burger,matty c's burger shack,Burgers,American,Burger,1,0,0,0,0,True,0
Vegan,Burger,jake's vegan steaks,Vegan,American,Burger,0,0,0,0,0,True,0
Burger,Burger,tinseltown farringdon,American,Burgers,Burger,0,0,0,0,0,True,0
Burger,Fast Food,chicago gourmet burgers,Burgers,Fast Food,Burger,1,0,0,0,0,False,16
Burger,Mexican,big gun,American,Mexican,Burger,0,0,0,0,0,False,18
Burger,Kebab,burger bar,Burgers,Kebab,Burger,1,0,0,0,0,True,0
Burger,BBQ,smiffy's bbq shack,American,BBQ,Burger,0,0,0,0,0,False,18
Burger,Burger,eat new york,American,Burgers,Burger,0,0,0,0,0,True,0
Vegan,Burger,tfi vegan,Vegan,Burgers,Burger,0,0,0,0,0,True,0
Burger,English,schnitty house  and  burger,American,English,Burger,1,0,0,0,0,True,0
Burger,Burger,burgers  and  bones,Burgers,American,Burger,1,0,0,0,0,True,0
Burger,Mexican,xtremburger - schumo ltd at the duke of wellington,Burgers,Mexican,Burger,1,0,0,0,0,True,0
Grill,Burger,bagel brunch,Grill,Burgers,Burger,0,0,0,0,0,True,0
Burger,Parmesans,mr parmesan,Burgers,Parmesans,Burger,0,0,0,0,0,True,0
Burger,Mexican,midtown eats,American,Mexican,Burger,0,0,0,0,0,False,14
Burger,Pasta,the broadwick,Burgers,Pasta,Burger,0,0,0,0,0,False,17
Burger,British,the rock cafe,American,British,Burger,0,0,0,0,0,True,0
Burger,Burger,shafers cafe @ tarpots,Burgers,American,Burger,0,0,0,0,0,False,18
Burger,Chicken,havana gourmet burger grill,Burgers,Peri Peri,Burger,1,0,0,0,0,True,0
Burger,Burger,bear grills,American,Burgers,Burger,0,0,0,0,0,True,0
Mexican,Burger,fresh mex burgers  and  grill,Mexican,Burgers,Burger,1,0,0,0,0,True,0
Burger,Grill,shoot the bull,Burgers,Grill,Burger,0,0,0,0,0,False,15
Pizza,Burger,burger co,Pizza,American,Burger,1,0,0,0,0,True,0
Healthy,Burger,nominations,Healthy,Burgers,Burger,0,0,0,0,0,False,15
Burger,Gourmet,the wig,Burgers,Gourmet,Burger,0,0,0,0,0,True,0
Burger,Burger,burger boulevard,American,Burgers,Burger,1,0,0,0,0,False,13
Burger,Burger,dada's diner,Burgers,American,Burger,0,0,0,0,0,True,0
Chicken,Burger,kango's gourmet burgers  and  piri piri,Chicken,Burgers,Burger,1,0,0,0,0,False,15
British,Burger,artisan cheesecakes,British,American,Burger,0,0,0,0,0,False,13
Burger,Hot Dogs,baregrill,Burgers,Hot Dogs,Burger,0,0,0,0,0,True,0
Grill,Burger,grill  and  shakes,Grill,American,Burger,0,0,0,0,0,True,0
Burger,Burger,havana's burger  and  shakes - fishponds,American,Burgers,Burger,1,0,0,0,0,True,0
Burger,Kebab,burger break,Burgers,Kebab,Burger,1,0,0,0,0,True,0
Burger,Vegetarian,the collab,Burgers,Vegetarian,Burger,0,0,0,0,0,True,0
Burger,Burger,fat burger wembley,Burgers,American,Burger,1,0,0,0,0,False,22
Burger,Desserts,havana's burgers  and  shakes,Burgers,Milkshakes,Burger,1,0,0,0,0,False,17
Burger,Sand/Caf/Bake,happy burgers  and  wraps,Burgers,Wraps,Burger,1,0,0,0,0,True,0
Burger,British,lion  and  star bar  and  grill,Burgers,British,Burger,0,0,0,0,0,True,0
English,Burger,hot diggity dog,English,Burgers,Burger,0,0,0,0,0,False,27
Burger,Fast Food,burger  and  co,Burgers,Fast Food,Burger,1,0,0,0,0,False,17
Sand/Caf/Bake,Burger,burger can,Breakfast,Burgers,Burger,1,0,0,0,0,True,0
Gourmet,Burger,roots diner,Gourmet,Burgers,Burger,0,0,0,0,0,False,21
Burger,Steak,nadii's diner,Burgers,Steak,Burger,0,0,0,0,0,False,15
Burger,Halal,brgrbro,Burgers,Halal,Burger,0,0,0,0,0,True,0
Steak,Burger,five bar and restaurant,Steak,Burgers,Burger,0,0,0,0,0,True,0
Grill,Burger,fusion grill house,Grill,Burgers,Burger,0,0,0,0,0,True,0
Greek,Burger,opa taverna,Greek,Burgers,Burger,0,0,0,0,0,True,0
Burger,Burger,hello burger,American,Burgers,Burger,1,0,0,0,0,False,11
Burger,Halal,la burger,Burgers,Halal,Burger,1,0,0,0,0,True,0
Burger,Grill,the grill garden,Burgers,Grill,Burger,0,0,0,0,0,True,0
Burger,Pasta,m and d food,Burgers,Pasta,Burger,0,0,0,0,0,True,0
Burger,Burger,havana's burgers  and  shakes - bedminster,American,Burgers,Burger,1,0,0,0,0,True,0
Burger,Grill,fat chopz,American,Grill,Burger,0,0,0,0,0,True,0
French,Burger,belgo nottingham,French,Burgers,Burger,0,0,0,0,0,True,0
Burger,Burger,brgr giffnock,Burgers,American,Burger,0,0,0,0,0,True,0
Burger,Burger,burger  and  keg,Burgers,American,Burger,1,0,0,0,0,True,0
Burger,Burger,lytham burger co.,Burgers,American,Burger,1,0,0,0,0,False,16
Burger,British,the stack lounge,American,British,Burger,0,0,0,0,0,True,0
Burger,Burger,texas smoker,American,Burgers,Burger,0,0,0,0,0,True,0
Burger,Chicken,rox burger,Burgers,Chicken,Burger,1,0,0,0,0,True,0
Burger,Burger,burgers r us,Burgers,American,Burger,1,0,0,0,0,True,0
Burger,Fast Food,burger shop,Burgers,Fast Food,Burger,1,0,0,0,0,True,0
Burger,Mediterranean,kuku,Burgers,Mediterranean,Burger,0,0,0,0,0,False,10
Grill,Burger,big mama's kitchen,Grill,Burgers,Burger,0,0,0,0,0,True,0
Burger,Fusion,ava's lunch box,Burgers,Fusion,Burger,0,0,0,0,0,True,0
Burger,Burger,food shack,American,Burgers,Burger,0,0,0,0,0,False,25
Burger,Dinner,bowl burger @ sunderland bowl,Burgers,Dinner,Burger,1,0,0,0,0,True,0
Grill,Burger,franzos ilford,Grill,Burgers,Burger,0,0,0,0,0,True,0
BBQ,Burger,longhorns barbecue smokehouse,BBQ,Burgers,Burger,0,0,0,0,0,False,10
Caribbean,Burger,shack tasty,Caribbean,Burgers,Burger,0,0,0,0,0,True,0
European,Burger,the urban fox,European,Burgers,Burger,0,0,0,0,0,True,0
BBQ,Burger,texas joe's slow smoked meats,BBQ,American,Burger,0,0,0,0,0,True,0
Grill,Burger,shish cafe,Grill,Burgers,Burger,0,0,0,0,0,True,0
Burger,Burger,route 66 american fastfood,American,Burgers,Burger,0,0,0,0,0,True,0
Burger,Smoothies,freshers shakes  and  snacks,Burgers,Smoothies,Burger,0,0,0,0,0,False,21
Burger,English,the octagon restaurant,American,English,Burger,0,0,0,0,0,True,0
Burger,Burger,casa del burger,Burgers,American,Burger,1,0,0,0,0,False,20
Burger,Burger,glorious munch,American,Burgers,Burger,0,0,0,0,0,False,14
Mexican,Burger,cactus grill,Mexican,American,Burger,0,0,0,0,0,False,14
Burger,Gourmet,lazy pickle,Burgers,Gourmet,Burger,0,0,0,0,0,True,0
Mexican,Burger,blaq iguana,Mexican,Burgers,Burger,0,0,0,0,0,True,0
Burger,BBQ,willett's,American,BBQ,Burger,0,0,0,0,0,True,0
Burger,Chicken,foodland burgers,Burgers,Chicken,Burger,1,0,0,0,0,False,17
Burger,Burger,brooklyn @ breakout,American,Burgers,Burger,0,0,0,0,0,True,0
BBQ,Burger,big mouth bbq,BBQ,American,Burger,0,0,0,0,0,True,0
Burger,British,bill the butcher,Burgers,British,Burger,0,0,0,0,0,False,12
Burger,Burger,burgershack,Burgers,American,Burger,1,0,0,0,0,True,0
Mexican,Burger,mexican taco,Mexican,Burgers,Burger,0,0,0,0,0,True,0
Burger,Vegetarian,flipp!n burgers,Burgers,Vegetarian,Burger,1,0,0,0,0,True,0
Burger,Burger,mahmoods,American,Burgers,Burger,0,0,0,0,0,False,15
Burger,Burger,burger beast,Burgers,American,Burger,1,0,0,0,0,True,0
Burger,Kebab,american burger,Burgers,Kebab,Burger,1,0,0,0,0,True,0
BBQ,Burger,the pig,BBQ,Burgers,Burger,0,0,0,0,0,True,0
Burger,Burger,grill planet burgers,Burgers,American,Burger,1,0,0,0,0,True,0
Burger,Burritos,the rustic grill (hmc),Burgers,Burritos,Burger,0,0,0,0,0,True,0
Burger,Grill,firepit rocks - american grill,American,Grill,Burger,0,0,0,0,0,False,13
Burger,Burger,brgr west end,Burgers,American,Burger,0,0,0,0,0,True,0
Burger,Dinner,empourium,American,Dinner,Burger,0,0,0,0,0,True,0
Burger,Halal,flavorz,American,Halal,Burger,0,0,0,0,0,True,0
Burger,Burger,raindell's,American,Burgers,Burger,0,0,0,0,0,False,9
Burger,Vegan,the green grill,Burgers,Vegan,Burger,0,0,0,0,0,True,0
British,Burger,manor house @ the manor house hotel,British,Burgers,Burger,0,0,0,0,0,False,13
Pasta,Burger,meating room,Pasta,Burgers,Burger,0,0,0,0,0,True,0
Gourmet,Burger,aurum lounge,Gourmet,Burgers,Burger,0,0,0,0,0,False,15
Burger,Pizza,tjs burger - hinckley road,Burgers,Pizza,Burger,1,0,0,0,0,True,0
Grill,Burger,damasco grill,Grill,Burgers,Burger,0,0,0,0,0,True,0
Burger,Mexican,finchley kitchen,Burgers,Mexican,Burger,0,0,0,0,0,True,0
Burger,Burger,the smoke shed,American,Burgers,Burger,0,0,0,0,0,False,21
Burger,Grill,the grill factory,Burgers,Grill,Burger,0,0,0,0,0,True,0
Burger,Burger,bobby jo's,American,Burgers,Burger,0,0,0,0,0,True,0
Middle Eastern,Burger,akbars,Middle Eastern,American,Burger,0,0,0,0,0,True,0
Burger,Burger,rustix gourmet,Burgers,American,Burger,0,0,0,0,0,True,0
Burger,Burger,the gourmet,Burgers,American,Burger,0,0,0,0,0,True,0
Burger,Fusion,wings london,American,Fusion,Burger,0,0,0,0,0,True,0
Hot Dogs,Burger,fat annie's hot dogs,Hot Dogs,American,Burger,0,0,0,0,0,False,18
Burger,Chicken,burger stakk,Burgers,Chicken,Burger,1,0,0,0,0,True,0
Burger,Burger,mob's millions of burgers,American,Gourmet Burgers,Burger,1,0,0,0,0,True,0
Pizza,Kebab,"tj's burgers, evington",Pizza,Kebab,Burger,1,0,0,0,0,False,17
Burger,Burger,sloppy's burgers,Burgers,American,Burger,1,0,0,0,0,True,0
Desserts,Burger,desserts  and  gourmet burgers on the go,Desserts,Burgers,Burger,1,0,0,0,0,False,12
Burger,Burger,buddy's bbq  and  burgers,American,Burgers,Burger,1,0,0,0,0,True,0
Burger,Greek,gee's,Burgers,Greek,Burger,0,0,0,0,0,False,14
Burger,Desserts,g's gourmet burgers,Burgers,Milkshakes,Burger,1,0,0,0,0,True,0
Burger,Burger,brock's @ the tavern,American,Burgers,Burger,0,0,0,0,0,False,18
Burger,Gourmet,ministry of burgers,Burgers,Gourmet,Burger,1,0,0,0,0,True,0
Burger,Tapas,mr fox,Burgers,Tapas,Burger,0,0,0,0,0,False,13
Burger,Street Food,mix'n'match kentish town,Burgers,Street Food,Burger,0,0,0,0,0,False,21
Gourmet,Burger,burger mee,Gourmet,Burgers,Burger,1,0,0,0,0,True,0
Burger,Pasta,the clock n8,Burgers,Pasta,Burger,0,0,0,0,0,False,14
Vegan,Burger,vbelly,Vegan,Burgers,Burger,0,0,0,0,0,False,16
Burger,Desserts,blacks burgers - purley,Burgers,Desserts,Burger,1,0,0,0,0,True,0
Burger,Vegan,naked coffee southampton,Burgers,Vegan,Burger,0,0,0,0,0,False,22
English,Burger,henry j's,English,Burgers,Burger,0,0,0,0,0,True,0
Burger,Burger,gourmet brothers,American,Burgers,Burger,0,0,0,0,0,True,0
Mexican,Burger,eddie's sandwich bar  and  grill,Mexican,Burgers,Burger,0,0,0,0,0,False,13
Burger,Vegan,mac to the future,American,Vegan,Burger,0,0,0,0,0,True,0
Grill,Burger,franzoz,Grill,Burgers,Burger,0,0,0,0,0,False,17
Sand/Caf/Bake,English,mega burger,Breakfast,English,Burger,1,0,0,0,0,False,20
Burger,Burger,tinseltown gants hill,American,Burgers,Burger,0,0,0,0,0,True,0
Burger,Chicken,smoque burger,Burgers,Chicken,Burger,1,0,0,0,0,False,13
Burger,Sand/Caf/Bake,burger bay,Burgers,Breakfast,Burger,1,0,0,0,0,True,0
Grill,Burger,maderos,Grill,Burgers,Burger,0,0,0,0,0,False,10
Burger,Desserts,gud burger,Burgers,Milkshakes,Burger,1,0,0,0,0,True,0
Burger,Burger,chillyz,Burgers,American,Burger,0,0,0,0,0,True,0
Mexican,Burger,tacos mexican food,Mexican,Burgers,Burger,0,0,0,0,0,True,0
Grill,Burger,square apple,Grill,Burgers,Burger,0,0,0,0,0,False,23
Burger,Grill,gourmet junction,American,Grill,Burger,0,0,0,0,0,True,0
Burger,Hot Dogs,mr. dogz,American,Hot Dogs,Burger,0,0,0,0,0,True,0
Burger,Pasta,the belmill hotel,Burgers,Pasta,Burger,0,0,0,0,0,False,18
Burger,Desserts,burger cartelz,Burgers,Desserts,Burger,1,0,0,0,0,True,0
Burger,Burger,two buns,Burgers,American,Burger,0,0,0,0,0,False,17
Burger,Burger,flippin' bun  and  wing,American,Burgers,Burger,0,0,0,0,0,True,0
Vegan,Burger,prickly pear,Vegan,Burgers,Burger,0,0,0,0,0,False,20
Burger,Grill,grill bite,Burgers,Grill,Burger,0,0,0,0,0,True,0
Burger,Gourmet,oujii burger,Burgers,Gourmet,Burger,1,0,0,0,0,False,21
Burger,British,west bar  and  kitchen,American,British,Burger,0,0,0,0,0,True,0
Healthy,Burger,gym food,Healthy,Burgers,Burger,0,0,0,0,0,True,0
Burger,Desserts,burgerizza,Burgers,Desserts,Burger,1,0,0,0,0,True,0
Burger,Burger,beef belly grill,Burgers,American,Burger,0,0,0,0,0,True,0
Burger,Pizza,burger time,Burgers,Pizza,Burger,1,0,0,0,0,True,0
Burger,Desserts,amigos burgers and shakes,Burgers,Desserts,Burger,1,0,0,0,0,True,0
Burger,Gourmet,burgerrfellaz,Burgers,Gourmet,Burger,1,0,0,0,0,True,0
Sand/Caf/Bake,Kebab,ondrej's breakfast  and  burgers,Breakfast,Kebab,Burger,1,0,0,0,0,True,0
Burger,Gourmet,squeezed,Burgers,Gourmet,Burger,0,0,0,0,0,True,0
Burger,Grill,the digi diner,American,Grill,Burger,0,0,0,0,0,False,16
Burger,Burger,broskis,Burgers,American,Burger,0,0,0,0,0,True,0
Burger,Burger,adam's diner,American,Burgers,Burger,0,0,0,0,0,True,0
Burger,Desserts,new york burger stack,Burgers,Milkshakes,Burger,1,0,0,0,0,True,0
Chicken,Burger,mother clucker burger bar,Chicken,Burgers,Burger,1,0,0,0,0,True,0
Burger,Burger,homeburger kentish town,Burgers,American,Burger,1,0,0,0,0,True,0
Gourmet,Sand/Caf/Bake,burger mania,Gourmet,Breakfast,Burger,1,0,0,0,0,True,0
Burger,Pizza,boston burgers  and  pizzeria,Burgers,Pizza,Burger,1,0,0,0,0,True,0
Kebab,Pizza,burger chef,Kebab,Pizza,Burger,1,0,0,0,0,True,0
British,Burger,stanley arms preston,British,Burgers,Burger,0,0,0,0,0,True,0
Burger,Grill,food grill,Burgers,Grill,Burger,0,0,0,0,0,False,17
Burger,Vegan,naked coffee bournemouth,Burgers,Vegan,Burger,0,0,0,0,0,True,0
Caribbean,Burger,mr nice catering,Caribbean,Burgers,Burger,0,0,0,0,0,False,19
Burger,Grill,village burger,Burgers,Grill,Burger,1,0,0,0,0,True,0
Burger,Burger,richie's diner,American,Burgers,Burger,0,0,0,0,0,False,11
Burger,Vegan,henry burgers,Burgers,Vegan,Burger,1,0,0,0,0,True,0
Burger,Alcohol,"meat, wheat  and  treat",Burgers,Alcohol,Burger,0,0,0,0,0,False,16
Burger,Burger,tribeca (new),American,Burgers,Burger,0,0,0,0,0,False,22
Burger,Burger,foodie,Burgers,American,Burger,0,0,0,0,0,False,19
Mexican,Burger,paco's tacos,Mexican,American,Burger,0,0,0,0,0,False,9
Gourmet,Burger,mak grillz,Gourmet,American,Burger,0,0,0,0,0,True,0
Mexican,Burger,sabroso,Mexican,Burgers,Burger,0,0,0,0,0,True,0
Healthy,Grill,suburban grill  and  burgers,Healthy,Grill,Burger,1,0,0,0,0,False,15
Burger,Burger,georgian sisters flame gourmet burger,Burgers,American,Burger,1,0,0,0,0,True,0
Vegan,Burger,vegan plates home delivery,Vegan,Burgers,Burger,0,0,0,0,0,True,0
Steak,Burger,howdy!,Steak,Burgers,Burger,0,0,0,0,0,False,30
Burger,Grill,chargos gourtmet grill mr cod,Burgers,Grill,Burger,0,0,0,0,0,True,0
Burger,Vegan,the grazing shed - st. mary st,Burgers,Vegan,Burger,0,0,0,0,0,True,0
Caribbean,Burger,edge cafe ltd,Caribbean,Burgers,Burger,0,0,0,0,0,True,0
Vegan,Burger,vk burgers,Vegan,Burgers,Burger,1,0,0,0,0,True,0
Burger,Burger,grand daddy's diner,American,Burgers,Burger,0,0,0,0,0,True,0
Burger,Desserts,gourmet burger company,American,Desserts,Burger,1,0,0,0,0,False,11
Vegan,Burger,durty vegan burger club,Vegan,American,Burger,1,0,0,0,0,True,0
Burger,Chicken,burgerville,Burgers,Peri Peri,Burger,1,0,0,0,0,False,19
Vegan,Burger,seitan's lot,Vegan,Burgers,Burger,0,0,0,0,0,True,0
Burger,British,rock diner @ aces high,American,British,Burger,0,0,0,0,0,False,9
Burger,Desserts,shake  and  burger,Burgers,Milkshakes,Burger,1,0,0,0,0,False,10
Burger,Burger,big moe's diner,American,Burgers,Burger,0,0,0,0,0,False,28
Burger,Burger,burger shack,American,Burgers,Burger,1,0,0,0,0,True,0
Mediterranean,Burger,de grill,Mediterranean,Burgers,Burger,0,0,0,0,0,True,0
Burger,Brazilian food,burdog,Burgers,Brazilian food,Burger,0,0,0,0,0,True,0
British,Burger,victors,British,Burgers,Burger,0,0,0,0,0,True,0
Burger,Burger,you've pulled,American,Burgers,Burger,0,0,0,0,0,True,0
Sand/Caf/Bake,Burger,breakfast  and  burgers,Breakfast,Burgers,Burger,1,0,0,0,0,True,0
Gourmet,Burger,proper burgers,Gourmet,Burgers,Burger,1,0,0,0,0,False,23
Caribbean,Burger,jrk bros @ makro charlton,Caribbean,Burgers,Burger,0,0,0,0,0,True,0
Burger,Burger,jags @ 119,Burgers,Gourmet Burgers,Burger,0,0,0,0,0,False,20
Burger,Gourmet Burgers ,wanted burgers,American,Gourmet Burgers ,Burger,1,0,0,0,0,True,0
Burger,Grill,babas grill,Burgers,Grill,Burger,0,0,0,0,0,False,17
Kebab,Burger,burger zone,Kebab,Burgers,Burger,1,0,0,0,0,False,18
Mexican,Burger,uncle sabino's,Mexican,American,Burger,0,0,0,0,0,True,0
Burger,Gourmet,bro's burgers,Burgers,Gourmet,Burger,1,0,0,0,0,False,16
British,Burger,the riverside tavern,British,Burgers,Burger,0,0,0,0,0,False,12
Burger,English,breakfast in bed,American,English,Burger,0,0,0,0,0,False,15
Burger,Burger,american gourmet burgers,American,Burgers,Burger,1,0,0,0,0,False,18
Burger,Burger,brgr city centre,Burgers,American,Burger,0,0,0,0,0,True,0
Drinks,Burger,camberwell daily,Drinks,Burgers,Burger,0,0,0,0,0,True,0
Burger,British,chef's delight,Burgers,British,Burger,0,0,0,0,0,True,0
Burger,Desserts,southway burger house,Burgers,Milkshakes,Burger,1,0,0,0,0,True,0
Vegan,Burger,vegology,Vegan,Burgers,Burger,0,0,0,0,0,True,0
Grill,Burger,ace coffee  and  bagel,Grill,Burgers,Burger,0,0,0,0,0,False,13
Gourmet,Burger,el's gourmet,Gourmet,Burgers,Burger,0,0,0,0,0,True,0
Burger,Burger,west slice,American,Burgers,Burger,0,0,0,0,0,True,0
Burger,Vegan,dough yo's x veg heads,Burgers,Vegan,Burger,0,0,0,0,0,True,0
Burger,Burger,checkers burgers,Burgers,American,Burger,1,0,0,0,0,False,24
Burger,Burger,new yorker diner (nyd),American,Burgers,Burger,0,0,0,0,0,True,0
Burger,Burger,the london burger co,Burgers,American,Burger,1,0,0,0,0,True,0
Burger,Burger,tinseltown great portland street,American,Burgers,Burger,0,0,0,0,0,False,18
Burger,Burger,yoyo burger,American,Burgers,Burger,1,0,0,0,0,True,0
Burger,Hot Dogs,burgery,Burgers,Hot Dogs,Burger,1,0,0,0,0,False,11
Lebanese,Burger,jumbo express,Lebanese,Burgers,Burger,0,0,0,0,0,True,0
Burger,Burger,hotch-potch,American,Burgers,Burger,0,0,0,0,0,True,0
Burger,Burger,we don't give a fork,Burgers,American,Burger,0,0,0,0,0,False,21
Burger,Pizza,de lush burger house,American,Pizza,Burger,1,0,0,0,0,True,0
Burger,Gourmet,gg's,Burgers,Gourmet,Burger,0,0,0,0,0,False,16
Burger,Chicken,smokin' burgers  and  shakes,Burgers,Peri Peri,Burger,1,0,0,0,0,False,19
Pizza,Grill,supreme burgers dudley,Pizza,Grill,Burger,1,0,0,0,0,False,13
Burger,Pizza,city burger,Burgers,Pizza,Burger,1,0,0,0,0,True,0
Burger,Burger,benny's burgertown,Burgers,American,Burger,1,0,0,0,0,True,0
Burger,Chicken,bad boyz burgers,Burgers,Peri Peri,Burger,1,0,0,0,0,True,0
Burger,Burger,sportsterz american burgers,American,Burgers,Burger,1,0,0,0,0,False,14
Burger,Burger,cotton eyed joe's,Burgers,American,Burger,0,0,0,0,0,True,0
Burger,Chicken,boss burgers,Burgers,Chicken,Burger,1,0,0,0,0,True,0
Burger,Desserts,flash in the pan - homemade burgers,Burgers,Desserts,Burger,1,0,0,0,0,False,12
Burger,Vegan,bloc and ,Burgers,Vegan,Burger,0,0,0,0,0,False,16
Healthy,Burger,the lean kitchen,Healthy,Burgers,Burger,0,0,0,0,0,True,0
Burger,Burger,fries station,American,Burgers,Burger,0,0,0,0,0,False,14
Steak,Burger,town peri peri,Steak,Burgers,Burger,0,0,0,0,0,True,0
Vegan,Burger,veggie republic,Vegan,Burgers,Burger,0,0,0,0,0,False,10
Burger,Pasta,coffee temptations,Burgers,Pasta,Burger,0,0,0,0,0,False,13
Sand/Caf/Bake,Halal,amazing burger shop,Caf√©,Halal,Burger,1,0,0,0,0,False,16
Burger,Gourmet,farm fresh burgers  and  shakes,Burgers,Gourmet,Burger,1,0,0,0,0,True,0
Burger,Sand/Caf/Bake,we 'r' burgers 'n' wraps,Burgers,Wraps,Burger,1,0,0,0,0,True,0
Burger,Burger,harlie's,American,Burgers,Burger,0,0,0,0,0,False,19
Gourmet Burgers ,Burger,mvps burgers  and  shakes,Gourmet Burgers ,American,Burger,1,0,0,0,0,True,0
Burger,Chicken,fatburger,Burgers,Chicken,Burger,1,0,0,0,0,False,14
Mexican,Burger,mexican tex-mex  and  grill,Mexican,Burgers,Burger,0,0,0,0,0,False,15
Burger,Chicken,sophie's gourmet burgers,Burgers,Chicken,Burger,1,0,0,0,0,True,0
Burger,Mexican,the kitchen redditch,American,Mexican,Burger,0,0,0,0,0,True,0
Gourmet,Burger,food factory,Gourmet,Burgers,Burger,0,0,0,0,0,False,17
Burger,Asian,south manny flavaz @ impossible,American,Asian,Burger,0,0,0,0,0,True,0
Caribbean,Burger,jrk bros @ interlude,Caribbean,Burgers,Burger,0,0,0,0,0,False,23
Spanish,Burger,capitan tortilla,Spanish,Burgers,Burger,0,0,0,0,0,True,0
Vegan,Burger,down the hatch,Vegan,Burgers,Burger,0,0,0,0,0,True,0
Burger,Grill,toro's express,American,Grill,Burger,0,0,0,0,0,True,0
Steak,Burger,jungle grill express delivery,Steak,Burgers,Burger,0,0,0,0,0,False,15
Burger,Gourmet,cristina's smashed burger,Burgers,Gourmet,Burger,1,0,0,0,0,True,0
Healthy,Burger,fit food shack,Healthy,Burgers,Burger,0,0,0,0,0,False,16
British,Burger,the clansman,British,American,Burger,0,0,0,0,0,False,12
Burger,British,the boathouse,Burgers,British,Burger,0,0,0,0,0,False,9
Greek,Burger,sizzle,Greek,Burgers,Burger,0,0,0,0,0,True,0
Burger,Burger,burgerbar republic,Burgers,American,Burger,1,0,0,0,0,True,0
Burger,Burger,burgers  and  more,Burgers,American,Burger,1,0,0,0,0,True,0
Burger,Caribbean,arepas aglaes,American,Caribbean,Burger,0,0,0,0,0,False,12
Burger,Sand/Caf/Bake,bagel and burger kitchen,Burgers,Bagels,Burger,1,0,0,0,0,True,0
English,Burger,cozco latte,English,Burgers,Burger,0,0,0,0,0,True,0
French,Burger,belgo bromley,French,Burgers,Burger,0,0,0,0,0,True,0
Burger,Lunch,wanderlust cafe  and  bistro,Burgers,Lunch,Burger,0,0,0,0,0,False,10
Burger,Burger,good burger kitchen,Burgers,American,Burger,1,0,0,0,0,False,16
Burger,Burger,moody burgers,Burgers,American,Burger,1,0,0,0,0,True,0
Grill,Burger,the fat cat cafe bar,Grill,Burgers,Burger,0,0,0,0,0,False,12
Burger,Desserts,hillside gourmet burger,Burgers,Milkshakes,Burger,1,0,0,0,0,True,0
Burger,Gourmet,gadgie burger,Burgers,Gourmet,Burger,1,0,0,0,0,True,0
Burger,BBQ,the brisket house delicatessen @ oddfellows arms,American,BBQ,Burger,0,0,0,0,0,True,0
Grill,Burger,grill kitchen,Grill,Burgers,Burger,0,0,0,0,0,True,0
Healthy,Burger,right bite kentish town,Healthy,Burgers,Burger,0,0,0,0,0,True,0
Burger,Burger,uncle sam's new york burger bar,American,Burgers,Burger,1,0,0,0,0,False,14
Burger,Vegan,prepbox burger bar,Burgers,Vegan,Burger,1,0,0,0,0,True,0
Burger,European,roxy's bistro bar,American,European,Burger,0,0,0,0,0,True,0
Burger,Fast Food,00seven burger,Burgers,Fast Food,Burger,1,0,0,0,0,True,0
European,Burger,dumplings world,European,Burgers,Burger,0,0,0,0,0,True,0
Burger,Burger,diner66,American,Burgers,Burger,0,0,0,0,0,False,11
Burger,Kebab,true burger,Burgers,Kebab,Burger,1,0,0,0,0,True,0
Vegan,Burger,greazy vegan,Vegan,Burgers,Burger,0,0,0,0,0,False,15
Burger,Chicken,bruce burgers,Burgers,Chicken,Burger,1,0,0,0,0,False,15
Burger,Chicken,feast burgers (stratford),Burgers,Peri Peri,Burger,1,0,0,0,0,True,0
Healthy,Burger,mr. prep,Healthy,Burgers,Burger,0,0,0,0,0,False,20
Burger,Burger,the broadwick chatham,Burgers,American,Burger,0,0,0,0,0,False,18
British,Burger,the wyre light,British,Burgers,Burger,0,0,0,0,0,True,0
Mediterranean,Burger,thyme and honey,Mediterranean,Burgers,Burger,0,0,0,0,0,False,9
British,Burger,kc's kitchen @ the phoenix,British,Burgers,Burger,0,0,0,0,0,True,0
European,Burger,sauce em,European,American,Burger,0,0,0,0,0,True,0
Burger,English,face food @ brewers arms,Burgers,English,Burger,0,0,0,0,0,True,0
Brazilian food,Burger,sabor brasilero,Brazilian food,Burgers,Burger,0,0,0,0,0,True,0
Burger,Kebab,kd burger,Burgers,Kebab,Burger,1,0,0,0,0,True,0
Steak,Burger,the grill 49,Steak,Burgers,Burger,0,0,0,0,0,True,0
Burger,Vegan,chicago grill plus,American,Vegan,Burger,0,0,0,0,0,True,0
Burger,Pasta,mac bar @ boxpark,American,Pasta,Burger,0,0,0,0,0,False,16
British,Burger,greenmantle,British,Burgers,Burger,0,0,0,0,0,False,13
Mexican,Burger,muchos nachos,Mexican,Burgers,Burger,0,0,0,0,0,False,14
Burger,English,benito's,American,English,Burger,0,0,0,0,0,True,0
BBQ,Burger,bone thugs bbq @ the horn of plenty,BBQ,American,Burger,0,0,0,0,0,False,18
Burger,Burger,burger  and  waffle,American,Burgers,Burger,1,0,0,0,0,True,0
Mediterranean,Burger,pan  and  grill,Mediterranean,Burgers,Burger,0,0,0,0,0,True,0
Burger,Chicken,juicy burger,Burgers,Chicken,Burger,1,0,0,0,0,False,18
Burger,Grill,parlay e18,Burgers,Grill,Burger,0,0,0,0,0,False,11
Burger,Mexican,kingsmen street food,Burgers,Mexican,Burger,0,0,0,0,0,True,0
Vegan,Burger,down to earth,Vegan,Burgers,Burger,0,0,0,0,0,True,0
Burger,Grill,jacob's,American,Grill,Burger,0,0,0,0,0,False,14
BBQ,Burger,the joint,BBQ,American,Burger,0,0,0,0,0,True,0
Burger,Burger,man on fire,American,Burgers,Burger,0,0,0,0,0,True,0
Grill,Chinese,smoky burgerz,Grill,Chinese,Burger,1,0,0,0,0,True,0
Burger,Burger,portobello american burgers,Burgers,American,Burger,1,0,0,0,0,False,15
Burger,Steak,lemon pepper,Burgers,Steak,Burger,0,0,0,0,0,True,0
Burger,Gourmet,burger bhais,Burgers,Gourmet,Burger,1,0,0,0,0,True,0
Burger,British,mr. pleasant,Burgers,British,Burger,0,0,0,0,0,True,0
Grill,Burger,bar-b-que,Grill,Burgers,Burger,0,0,0,0,0,False,16
Burger,Burger,benz burger,American,Burgers,Burger,1,0,0,0,0,True,0
British,Burger,the mash tun,British,Burgers,Burger,0,0,0,0,0,True,0
Vegan,Burger,greengage tree,Vegan,Burgers,Burger,0,0,0,0,0,True,0
Gourmet,Burger,crazy bunz,Gourmet,Burgers,Burger,0,0,0,0,0,True,0
Burger,Grill,tempus gourmet burgers,Burgers,Grill,Burger,1,0,0,0,0,True,0
Grill,Burger,grilago,Grill,American,Burger,0,0,0,0,0,False,16
Burger,Fast Food,x burger house,Burgers,Fast Food,Burger,1,0,0,0,0,True,0
Burger,Burger,tribeca,American,Burgers,Burger,0,0,0,0,0,False,17
Burger,Burger,dirty burgerz @ coopers arms,Burgers,American,Burger,1,0,0,0,0,True,0
Burger,Chicken,bunk burgers,Burgers,Chicken,Burger,1,0,0,0,0,True,0
Burger,Persian,get burger,Burgers,Persian,Burger,1,0,0,0,0,False,13
Burger,Halal,big moes diner,American,Halal,Burger,0,0,0,0,0,False,11
British,Burger,the three chimneys smokehouse  and  grill,British,American,Burger,0,0,0,0,0,True,0
Gourmet,Burger,gourmet burger  and  fries,Gourmet,American,Burger,1,0,0,0,0,True,0
Burger,Hot Dogs,burger van,Burgers,Hot Dogs,Burger,1,0,0,0,0,False,13
Burger,Burger,uncle sams,Burgers,American,Burger,0,0,0,0,0,True,0
Mexican,Burger,panchitos,Mexican,Burgers,Burger,0,0,0,0,0,False,15
Burger,Burger,tinseltown bayswater,American,Burgers,Burger,0,0,0,0,0,True,0
Burger,BBQ,bubba q,American,BBQ,Burger,0,0,0,0,0,False,10
Burger,Grill,frango,Burgers,Grill,Burger,0,0,0,0,0,True,0
Burger,Burger,burger house,Burgers,American,Burger,1,0,0,0,0,False,24
Burger,Chicken,jungle burgers,Burgers,Chicken,Burger,1,0,0,0,0,False,16
Gourmet,Burger,kks gourmet burger co.,Gourmet,Burgers,Burger,1,0,0,0,0,True,0
Steak,Burger,the ranch steakhouse,Steak,American,Burger,0,0,0,0,0,True,0
Steak,Burger,steaks n shakes,Steak,Burgers,Burger,0,0,0,0,0,True,0
Burger,Chicken,king's burger,Burgers,Chicken,Burger,1,0,0,0,0,True,0
Sand/Caf/Bake,Lunch,jammy burgers,Breakfast,Lunch,Burger,1,0,0,0,0,True,0
Burger,Pizza,tj's burgers,Burgers,Pizza,Burger,1,0,0,0,0,True,0
Burger,British,jo's pancake house,American,British,Burger,0,0,0,0,0,False,15
Burger,Burger,wings factory,American,Burgers,Burger,0,0,0,0,0,True,0
Burger,Desserts,bristol burgers,Burgers,Desserts,Burger,1,0,0,0,0,False,24
Caribbean,Burger,patty heaven caribbean takeaway,Caribbean,Burgers,Burger,0,0,0,0,0,False,16
Burger,Burger,proper burger experience,Burgers,American,Burger,1,0,0,0,0,False,12
Grill,Burger,binary bar  and  grill,Grill,American,Burger,0,0,0,0,0,True,0
Pizza,Burger,the burger house,Pizza,Burgers,Burger,1,0,0,0,0,True,0
Burger,Mexican,kenanks,Burgers,Mexican,Burger,0,0,0,0,0,True,0
Vegan,Burger,vx,Vegan,Burgers,Burger,0,0,0,0,0,True,0
Burger,Pizza,bbq burgers  and  wraps,Burgers,Pizza,Burger,1,0,0,0,0,False,13
Mexican,Burger,amigos street food @ the loft 89,Mexican,American,Burger,0,0,0,0,0,True,0
Burger,English,posh burgers n pies - (delivery only),Burgers,English,Burger,1,0,0,0,0,True,0
Burger,Burger,the ranch,Burgers,American,Burger,0,0,0,0,0,False,13
Burger,Burger,bohns best burgers loading,American,Burgers,Burger,1,0,0,0,0,True,0
Caribbean,Burger,tyler's kitchen,Caribbean,Burgers,Burger,0,0,0,0,0,True,0
Burger,Brazilian food,new hungry,Burgers,Brazilian food,Burger,0,0,0,0,0,True,0
Burger,Sand/Caf/Bake,yourburger,Burgers,Wraps,Burger,1,0,0,0,0,True,0
Burger,Gourmet,go gourmet,Burgers,Gourmet,Burger,0,0,0,0,0,True,0
Burger,Steak,innocent burgers,Burgers,Steak,Burger,1,0,0,0,0,True,0
Burger,Burger,coocina burgers,Burgers,American,Burger,1,0,0,0,0,True,0
Burger,Burger,juicis,Burgers,American,Burger,0,0,0,0,0,False,18
Burger,Grill,ramo's burger eastbourne,Burgers,Grill,Burger,1,0,0,0,0,True,0
Burger,Pizza,proper handmade burger - beeston,Burgers,Pizza,Burger,1,0,0,0,0,True,0
Mexican,Burger,el gringos,Mexican,American,Burger,0,0,0,0,0,True,0
Grill,Burger,macello meathouse,Grill,Burgers,Burger,0,0,0,0,0,True,0
Burger,Fast Food,brothers burgers,Burgers,Fast Food,Burger,1,0,0,0,0,True,0
Gourmet,Burger,retro burger,Gourmet,Burgers,Burger,1,0,0,0,0,True,0
Grill,Burger,kassap meat house,Grill,Burgers,Burger,0,0,0,0,0,False,22
Burger,Burger,gourmet burger house,Burgers,American,Burger,1,0,0,0,0,True,0
Mexican,Burger,dos amigos sombreros,Mexican,Burgers,Burger,0,0,0,0,0,True,0
Burger,Burger,burger king,Burgers,American,Burger,1,0,0,0,0,True,0
Burger,Burger,gbk,Burgers,American,Burger,0,0,0,0,0,False,12
Burger,Burger,wimpy,Burgers,American,Burger,0,0,0,0,0,True,0
Burger,Burger,stack  and  grill by cafe rouge,Burgers,American,Burger,0,0,0,0,0,True,0
Burger,Burger,coast to coast,American,Burgers,Burger,0,0,0,0,0,False,18
Burger,Continental,giraffe,Burgers,Continental,Burger,0,0,0,0,0,False,20
Burger,Burger,ed's easy diner,American,Burgers,Burger,0,0,0,0,0,False,12
Burger,Chicken,clucks burger,Burgers,Chicken,Burger,1,0,0,0,0,True,0
Burger,Burger,buddies usa,Burgers,American,Burger,0,0,0,0,0,False,21
Burger,British,joe's kitchen,Burgers,British,Burger,0,0,0,0,0,True,0
Burger,Kebab,burger plus,Burgers,Kebab,Burger,1,0,0,0,0,False,16
Burger,Burger,filling station,Burgers,American,Burger,0,0,0,0,0,True,0
Burger,Burger,chicago rib shack,American,Burgers,Burger,0,0,0,0,0,True,0
Burger,Burger,bad boy burgers,American,Burgers,Burger,1,0,0,0,0,False,14
Burger,Burger,band of burgers,Burgers,American,Burger,1,0,0,0,0,True,0
Burger,Burger,big bites,American,Burgers,Burger,0,0,0,0,0,False,13
Burger,Burger,big fat gourmet,Burgers,American,Burger,0,0,0,0,0,False,10
Burger,Desserts,blacks burgers,Burgers,Desserts,Burger,1,0,0,0,0,True,0
Burger,Burger,bulls burgers,Burgers,American,Burger,1,0,0,0,0,True,0
Burger,Burger,bun  and  bar,Burgers,American,Burger,0,0,0,0,0,True,0
Burger,Gourmet,buns,Burgers,Gourmet,Burger,0,0,0,0,0,False,19
Asian,Burger,buns  and  bao,Asian,American,Burger,0,0,0,0,0,False,10
Burger,Burger,burger  and  bun,Burgers,American,Burger,1,0,0,0,0,False,14
Burger,Burger,burger 7,American,Burgers,Burger,1,0,0,0,0,True,0
Burger,Burger,burger bang,Burgers,American,Burger,1,0,0,0,0,True,0
Burger,Chicken,burger base,Burgers,Chicken,Burger,1,0,0,0,0,True,0
Burger,Kebab,burger revolution,Burgers,Kebab,Burger,1,0,0,0,0,False,16
Mexican,Burger,casa rica,Mexican,American,Burger,0,0,0,0,0,False,18
Burger,Burger,celebz,American,Burgers,Burger,0,0,0,0,0,True,0
Grill,Burger,char grill,Grill,Burgers,Burger,0,0,0,0,0,False,17
Burger,Grill,chargrill,Burgers,Grill,Burger,0,0,0,0,0,True,0
Burger,Burger,dirty bones,American,Burgers,Burger,0,0,0,0,0,True,0
Burger,Burger,dirty burgerz,Burgers,American,Burger,1,0,0,0,0,True,0
Burger,Burger,dope burger,Burgers,American,Burger,1,0,0,0,0,True,0
Burger,Burger,firehouse grill,American,American,Burger,0,0,0,0,0,True,0
Burger,Grill,flame grill,American,Grill,Burger,0,0,0,0,0,False,17
Burger,Grill,frankie's burgers,American,Grill,Burger,1,0,0,0,0,False,14
Burger,Burger,franks,Burgers,Burgers,Burger,0,0,0,0,0,False,19
Burger,Burger,good burger,Burgers,American,Burger,1,0,0,0,0,True,0
Burger,Burger,gourmet grill,Burgers,Burgers,Burger,0,0,0,0,0,True,0
Burger,Grill,grill box,Burgers,Grill,Burger,0,0,0,0,0,False,23
Burger,Burger,hamzas,American,Burgers,Burger,0,0,0,0,0,True,0
Burger,Burger,harry's,Burgers,Burgers,Burger,0,0,0,0,0,True,0
Burger,Burger,hot rod burger,Burgers,American,Burger,1,0,0,0,0,False,15
Burger,Burger,jungle grill,Burgers,Burgers,Burger,0,0,0,0,0,False,16
Burger,Burger,loaded gourmet burgers  and  fries,American,American,Burger,1,0,0,0,0,False,25
Burger,Burger,mac 'n' cheese,American,Burgers,Burger,0,0,0,0,0,True,0
Burger,Dinner,man v food,American,Dinner,Burger,0,0,0,0,0,True,0
Burger,Burger,megabite,Burgers,Burgers,Burger,0,0,0,0,0,True,0
Mexican,Burger,mexican house,Mexican,Burgers,Burger,0,0,0,0,0,True,0
Grill,Burger,naafiah,Grill,Burgers,Burger,0,0,0,0,0,True,0
Burger,Burger,naughty burger,Burgers,American,Burger,1,0,0,0,0,True,0
Burger,Gourmet,o burger,Burgers,Gourmet,Burger,1,0,0,0,0,False,9
Burger,Burger,papa del's,Burgers,Burgers,Burger,0,0,0,0,0,True,0
Burger,Burger,randy's wing bar,American,American,Burger,0,0,0,0,0,True,0
Burger,Burger,rio's,Burgers,Burgers,Burger,0,0,0,0,0,False,9
Burger,Burger,smokeys,American,Burgers,Burger,0,0,0,0,0,False,14
Burger,Burger,smoky boys,Burgers,American,Burger,0,0,0,0,0,False,20
Burger,Vegan,steak cattle  and  roll,Burgers,Vegan,Burger,0,0,0,0,0,False,14
Steak,Burger,steakout,Steak,Burgers,Burger,0,0,0,0,0,True,0
Burger,Burger,tex ann,Burgers,American,Burger,0,0,0,0,0,True,0
Burger,Burger,texas grill,American,Burgers,Burger,0,0,0,0,0,False,15
Burger,Burger,the burger box,American,American,Burger,1,0,0,0,0,True,0
Burger,Desserts,the fat burger  and  desserts,Burgers,Desserts,Burger,1,0,0,0,0,False,19
Burger,Burger,the funky bear,Burgers,Burgers,Burger,0,0,0,0,0,False,12
Burger,Burger,the hut,Burgers,American,Burger,0,0,0,0,0,False,11
Burger,BBQ,the kitchen,Burgers,BBQ,Burger,0,0,0,0,0,True,0
Burger,British,the meating room,Burgers,British,Burger,0,0,0,0,0,False,18
Grill,Burger,zatar,Grill,Burgers,Burger,0,0,0,0,0,False,19
