label,label2,ascii_name_fix,label_orig,label2_orig,label_final,Burger,Chicken,Kebab,Pizza,Fast Food
Sand/Caf/Bake,Vegan,cafe  bagel,Bagels,Vegan,Sand/Caf/Bake,0,0,0,0,0
Sand/Caf/Bake,Sand/Caf/Bake,kafe bloc,Café,Breakfast,Sand/Caf/Bake,0,0,0,0,0
Sand/Caf/Bake,Sand/Caf/Bake,philpotts sheffield,Sandwiches,Salads,Sand/Caf/Bake,0,0,0,0,0
French,Sand/Caf/Bake,cafe remy cambridge,French,Café,Sand/Caf/Bake,0,0,0,0,0
Sand/Caf/Bake,Sand/Caf/Bake,joy's kitchen,Breakfast,Sandwiches,Sand/Caf/Bake,0,0,0,0,0
Sand/Caf/Bake,Sand/Caf/Bake,fresh,Café,Sandwiches,Sand/Caf/Bake,0,0,0,0,0
Lebanese,Sand/Caf/Bake,kababji,Lebanese,Wraps,Sand/Caf/Bake,0,0,0,0,0
Sand/Caf/Bake,Sand/Caf/Bake,the square bistro,Breakfast,Sandwiches,Sand/Caf/Bake,0,0,0,0,0
Lunch,Sand/Caf/Bake,coffee corner,Lunch,Breakfast,Sand/Caf/Bake,0,0,0,0,0
Sand/Caf/Bake,Burger,cjs cafe,Breakfast,Burgers,Sand/Caf/Bake,0,0,0,0,0
Sand/Caf/Bake,Sand/Caf/Bake,fletchers cafe,Breakfast,Sandwiches,Sand/Caf/Bake,0,0,0,0,0
Sand/Caf/Bake,Sand/Caf/Bake,lily's bistro,Breakfast,Sandwiches,Sand/Caf/Bake,0,0,0,0,0
Sand/Caf/Bake,Sand/Caf/Bake,buddy's cafe,Breakfast,Café,Sand/Caf/Bake,0,0,0,0,0
Sand/Caf/Bake,Lunch,the peaky bites cafe,Breakfast,Lunch,Sand/Caf/Bake,0,0,0,0,0
Sand/Caf/Bake,Sand/Caf/Bake,little molly's tearooms,Breakfast,Café,Sand/Caf/Bake,0,0,0,0,0
Sand/Caf/Bake,Brunch,i and g cafe sisters,Breakfast,Brunch,Sand/Caf/Bake,0,0,0,0,0
Sand/Caf/Bake,Sand/Caf/Bake,baguette  and  jacket,Sandwiches,Deli,Sand/Caf/Bake,0,0,0,0,0
Sand/Caf/Bake,Sand/Caf/Bake,philpotts temple quay,Sandwiches,Salads,Sand/Caf/Bake,0,0,0,0,0
Sand/Caf/Bake,Burger,mighty mo's cafe (new),Breakfast,Burgers,Sand/Caf/Bake,0,0,0,0,0
Sand/Caf/Bake,Kebab,the munchie machine,Breakfast,Kebab,Sand/Caf/Bake,0,0,0,0,0
Sand/Caf/Bake,Sand/Caf/Bake,heathers coffee house and cafe,Breakfast,Sandwiches,Sand/Caf/Bake,0,0,0,0,0
Tapas,Sand/Caf/Bake,la concha,Tapas,Breakfast,Sand/Caf/Bake,0,0,0,0,0
British,Sand/Caf/Bake,the york roast co. - stonegate,British,Wraps,Sand/Caf/Bake,0,0,0,0,0
Sand/Caf/Bake,Desserts,ibrahims,Café,Desserts,Sand/Caf/Bake,0,0,0,0,0
Sand/Caf/Bake,Sand/Caf/Bake,julie's cafe,Café,Breakfast,Sand/Caf/Bake,0,0,0,0,0
Sand/Caf/Bake,Burger,yummy tummy,Breakfast,Burgers,Sand/Caf/Bake,0,0,0,0,0
Sand/Caf/Bake,Burger,maria's cafe,Breakfast,Burgers,Sand/Caf/Bake,0,0,0,0,0
Sand/Caf/Bake,British,shiney deli,Deli,British,Sand/Caf/Bake,0,0,0,0,0
Sand/Caf/Bake,Sand/Caf/Bake,anet's deli,Café,Sandwiches,Sand/Caf/Bake,0,0,0,0,0
Sand/Caf/Bake,Sand/Caf/Bake,the ashford cafe,Café,Breakfast,Sand/Caf/Bake,0,0,0,0,0
Sand/Caf/Bake,Sand/Caf/Bake,broadway sandwich bar,Breakfast,Sandwiches,Sand/Caf/Bake,0,0,0,0,0
Sand/Caf/Bake,Sand/Caf/Bake,freedom cafe,Café,Breakfast,Sand/Caf/Bake,0,0,0,0,0
Sand/Caf/Bake,Sand/Caf/Bake,jj's sandwich shop,Breakfast,Sandwiches,Sand/Caf/Bake,0,0,0,0,0
Sand/Caf/Bake,English,patty's cob shop,Sandwiches,English,Sand/Caf/Bake,0,0,0,0,0
Sand/Caf/Bake,Dinner,golden spoon cafe,Breakfast,Dinner,Sand/Caf/Bake,0,0,0,0,0
Gluten Free,Sand/Caf/Bake,winthorpe fish bar,Gluten Free,Wraps,Sand/Caf/Bake,0,0,0,0,0
Sand/Caf/Bake,Desserts,strawberry's ice cream and sandwich bar,Sandwiches,Ice Cream,Sand/Caf/Bake,0,0,0,0,0
Sand/Caf/Bake,Sand/Caf/Bake,bagel bar,Bagels,Sandwiches,Sand/Caf/Bake,0,0,0,0,0
Sand/Caf/Bake,English,keely oliver's catering service,Sandwiches,English,Sand/Caf/Bake,0,0,0,0,0
Sand/Caf/Bake,Sand/Caf/Bake,the bikers cafe @ morpeth motorcycles,Breakfast,Café,Sand/Caf/Bake,0,0,0,0,0
Sand/Caf/Bake,Desserts,nancy's kitchen,Café,Desserts,Sand/Caf/Bake,0,0,0,0,0
Sand/Caf/Bake,Sand/Caf/Bake,snack shak,Breakfast,Sandwiches,Sand/Caf/Bake,0,0,0,0,0
English,Sand/Caf/Bake,cafe culture,English,Café,Sand/Caf/Bake,0,0,0,0,0
Sand/Caf/Bake,Desserts,eats  and  treats,Breakfast,Desserts,Sand/Caf/Bake,0,0,0,0,0
Sand/Caf/Bake,Lunch,caffe gusto,Breakfast,Lunch,Sand/Caf/Bake,0,0,0,0,0
British,Sand/Caf/Bake,carla's cafe,British,Breakfast,Sand/Caf/Bake,0,0,0,0,0
Sand/Caf/Bake,British,potato place,Breakfast,British,Sand/Caf/Bake,0,0,0,0,0
Sand/Caf/Bake,Burger,cafe aroma,Breakfast,Burgers,Sand/Caf/Bake,0,0,0,0,0
Sand/Caf/Bake,Grill,makcari's,Café,Grill,Sand/Caf/Bake,0,0,0,0,0
Sand/Caf/Bake,Sand/Caf/Bake,that cafe,Café,Breakfast,Sand/Caf/Bake,0,0,0,0,0
Sand/Caf/Bake,Burger,the belly buster,Breakfast,Burgers,Sand/Caf/Bake,0,0,0,0,0
Sand/Caf/Bake,Sand/Caf/Bake,the sandwich club,Deli,Sandwiches,Sand/Caf/Bake,0,0,0,0,0
Sand/Caf/Bake,Sand/Caf/Bake,danny's pie and mash,Café,Breakfast,Sand/Caf/Bake,0,0,0,0,0
British,Sand/Caf/Bake,market,British,Breakfast,Sand/Caf/Bake,0,0,0,0,0
Sand/Caf/Bake,Sand/Caf/Bake,philpotts transom house,Sandwiches,Salads,Sand/Caf/Bake,0,0,0,0,0
Sand/Caf/Bake,Sand/Caf/Bake,bake n butty,Breakfast,Sandwiches,Sand/Caf/Bake,0,0,0,0,0
Sand/Caf/Bake,Sand/Caf/Bake,lin's big breakfast,Breakfast,Café,Sand/Caf/Bake,0,0,0,0,0
Healthy,Sand/Caf/Bake,warwick street kitchen,Healthy,Café,Sand/Caf/Bake,0,0,0,0,0
Sand/Caf/Bake,Sand/Caf/Bake,country kitchen,Breakfast,Sandwiches,Sand/Caf/Bake,0,0,0,0,0
English,Sand/Caf/Bake,wordsley cafe,English,Breakfast,Sand/Caf/Bake,0,0,0,0,0
Sand/Caf/Bake,Sand/Caf/Bake,soowes coffee pot cafe,Breakfast,Sandwiches,Sand/Caf/Bake,0,0,0,0,0
Sand/Caf/Bake,Sand/Caf/Bake,buttyfull cafe,Breakfast,Sandwiches,Sand/Caf/Bake,0,0,0,0,0
Sand/Caf/Bake,British,get stuffed snack bar,Breakfast,British,Sand/Caf/Bake,0,0,0,0,0
Sand/Caf/Bake,Sand/Caf/Bake,rio coffee,Bagels,Panini's,Sand/Caf/Bake,0,0,0,0,0
Sand/Caf/Bake,Healthy,to live better,Café,Healthy,Sand/Caf/Bake,0,0,0,0,0
Sand/Caf/Bake,English,roo's cafe,Café,English,Sand/Caf/Bake,0,0,0,0,0
Lunch,Sand/Caf/Bake,the pastry shop,Lunch,Breakfast,Sand/Caf/Bake,0,0,0,0,0
Sand/Caf/Bake,Sand/Caf/Bake,sister snacks,Sandwiches,Breakfast,Sand/Caf/Bake,0,0,0,0,0
Sand/Caf/Bake,Sand/Caf/Bake,carlindas sandwich bar,Sandwiches,Breakfast,Sand/Caf/Bake,0,0,0,0,0
British,Sand/Caf/Bake,coffee pronto,British,Breakfast,Sand/Caf/Bake,0,0,0,0,0
Sand/Caf/Bake,Sand/Caf/Bake,cafe leads,Breakfast,Café,Sand/Caf/Bake,0,0,0,0,0
Sand/Caf/Bake,Sand/Caf/Bake,the helm,Breakfast,Deli,Sand/Caf/Bake,0,0,0,0,0
Sand/Caf/Bake,British,new corby cafe,Breakfast,British,Sand/Caf/Bake,0,0,0,0,0
Sand/Caf/Bake,Desserts,grind 'n' bake,Café,Cakes,Sand/Caf/Bake,0,0,0,0,0
Portuguese,Sand/Caf/Bake,the flavour,Portuguese,Breakfast,Sand/Caf/Bake,0,0,0,0,0
Sand/Caf/Bake,Sand/Caf/Bake,cutsyke cafe,Sandwiches,Café,Sand/Caf/Bake,0,0,0,0,0
Sand/Caf/Bake,Sand/Caf/Bake,jj's kitchen,Breakfast,Sandwiches,Sand/Caf/Bake,0,0,0,0,0
Sand/Caf/Bake,British,brunch2go,Breakfast,British,Sand/Caf/Bake,0,0,0,0,0
Sand/Caf/Bake,Kebab,crumbs sandwich  and  grill bar,Breakfast,Kebab,Sand/Caf/Bake,0,0,0,0,0
Sand/Caf/Bake,Sand/Caf/Bake,philpotts colmore circus,Sandwiches,Salads,Sand/Caf/Bake,0,0,0,0,0
Mexican,Sand/Caf/Bake,dino's fusion food,Mexican,Wraps,Sand/Caf/Bake,0,0,0,0,0
Sand/Caf/Bake,Sand/Caf/Bake,luca's cafe pronto,Café,Sandwiches,Sand/Caf/Bake,0,0,0,0,0
Sand/Caf/Bake,Burger,thriller griller,Breakfast,Burgers,Sand/Caf/Bake,0,0,0,0,0
Sand/Caf/Bake,Lunch,brunch box bakery,Breakfast,Lunch,Sand/Caf/Bake,0,0,0,0,0
Sand/Caf/Bake,Sand/Caf/Bake,mercer's bakery,Café,Breakfast,Sand/Caf/Bake,0,0,0,0,0
Sand/Caf/Bake,Sand/Caf/Bake,sansou cafe  and  juice bar,Breakfast,Sandwiches,Sand/Caf/Bake,0,0,0,0,0
Sand/Caf/Bake,Sand/Caf/Bake,mardi gras sandwich bar,Sandwiches,Deli,Sand/Caf/Bake,0,0,0,0,0
Healthy,Sand/Caf/Bake,brothf,Healthy,Deli,Sand/Caf/Bake,0,0,0,0,0
Sand/Caf/Bake,British,el cafe,Breakfast,British,Sand/Caf/Bake,0,0,0,0,0
Sand/Caf/Bake,Lunch,brunch takeaway,Breakfast,Lunch,Sand/Caf/Bake,0,0,0,0,0
Sand/Caf/Bake,Mediterranean,layla's snack bar,Deli,Mediterranean,Sand/Caf/Bake,0,0,0,0,0
Sand/Caf/Bake,Sand/Caf/Bake,kayleighs baps cafe,Breakfast,Sandwiches,Sand/Caf/Bake,0,0,0,0,0
Vegan,Sand/Caf/Bake,miss green fingers,Vegan,Sandwiches,Sand/Caf/Bake,0,0,0,0,0
Sand/Caf/Bake,Sand/Caf/Bake,first stop,Breakfast,Sandwiches,Sand/Caf/Bake,0,0,0,0,0
Sand/Caf/Bake,Mediterranean,katasouris delicatessen,Deli,Mediterranean,Sand/Caf/Bake,0,0,0,0,0
English,Sand/Caf/Bake,wishing well bistro,English,Breakfast,Sand/Caf/Bake,0,0,0,0,0
Grill,Sand/Caf/Bake,tikka delight,Grill,Wraps,Sand/Caf/Bake,0,0,0,0,0
Sand/Caf/Bake,Sand/Caf/Bake,the little sandwich shop,Sandwiches,Breakfast,Sand/Caf/Bake,0,0,0,0,0
Sand/Caf/Bake,Sand/Caf/Bake,noorani routes,Sandwiches,Deli,Sand/Caf/Bake,0,0,0,0,0
Sand/Caf/Bake,Desserts,dolce,Breakfast,Desserts,Sand/Caf/Bake,0,0,0,0,0
Sand/Caf/Bake,Sand/Caf/Bake,on a roll,Sandwiches,Breakfast,Sand/Caf/Bake,0,0,0,0,0
Sand/Caf/Bake,Lunch,blackburns cafe,Breakfast,Lunch,Sand/Caf/Bake,0,0,0,0,0
Sand/Caf/Bake,Sand/Caf/Bake,the hungry wolf cafe,Breakfast,Café,Sand/Caf/Bake,0,0,0,0,0
Sand/Caf/Bake,Sand/Caf/Bake,ems kitchen,Breakfast,Sandwiches,Sand/Caf/Bake,0,0,0,0,0
Sand/Caf/Bake,Sand/Caf/Bake,istanblue cafe  and  restaurant,Breakfast,Sandwiches,Sand/Caf/Bake,0,0,0,0,0
Sand/Caf/Bake,Sand/Caf/Bake,katerleanaes cafe,Breakfast,Café,Sand/Caf/Bake,0,0,0,0,0
Sand/Caf/Bake,English,deli king,Breakfast,English,Sand/Caf/Bake,0,0,0,0,0
Sand/Caf/Bake,Sand/Caf/Bake,abc cafe,Sandwiches,Breakfast,Sand/Caf/Bake,0,0,0,0,0
Sand/Caf/Bake,Sand/Caf/Bake,cuneo's by the 2 sisters,Café,Breakfast,Sand/Caf/Bake,0,0,0,0,0
Sand/Caf/Bake,Burger,brunch club,Breakfast,American,Sand/Caf/Bake,0,0,0,0,0
English,Sand/Caf/Bake,the square cafe,English,Breakfast,Sand/Caf/Bake,0,0,0,0,0
Sand/Caf/Bake,Sand/Caf/Bake,topp's breakfast,Breakfast,Café,Sand/Caf/Bake,0,0,0,0,0
Sand/Caf/Bake,Sand/Caf/Bake,brew,Café,Breakfast,Sand/Caf/Bake,0,0,0,0,0
British,Sand/Caf/Bake,gourmet cafe and sandwich bar,British,Breakfast,Sand/Caf/Bake,0,0,0,0,0
English,Sand/Caf/Bake,eat inn diner,English,Sandwiches,Sand/Caf/Bake,0,0,0,0,0
Sand/Caf/Bake,Burger,smart cafe,Breakfast,Burgers,Sand/Caf/Bake,0,0,0,0,0
Sand/Caf/Bake,Sand/Caf/Bake,crumbags,Sandwiches,Breakfast,Sand/Caf/Bake,0,0,0,0,0
Sand/Caf/Bake,Lunch,bunkers,Breakfast,Lunch,Sand/Caf/Bake,0,0,0,0,0
Sand/Caf/Bake,Burger,deli de mama,Breakfast,Burgers,Sand/Caf/Bake,0,0,0,0,0
Sand/Caf/Bake,Lunch,cravings cafe and deserts,Breakfast,Lunch,Sand/Caf/Bake,0,0,0,0,0
Sand/Caf/Bake,Sand/Caf/Bake,bardon sandwich co,Breakfast,Sandwiches,Sand/Caf/Bake,0,0,0,0,0
Sand/Caf/Bake,Lunch,captain tony's cafe,Breakfast,Lunch,Sand/Caf/Bake,0,0,0,0,0
Sand/Caf/Bake,Lunch,old inns cafe,Breakfast,Lunch,Sand/Caf/Bake,0,0,0,0,0
Sand/Caf/Bake,Sand/Caf/Bake,green island,Breakfast,Deli,Sand/Caf/Bake,0,0,0,0,0
Sand/Caf/Bake,Burger,shamela's fresh hot  and  cold food,Breakfast,Burgers,Sand/Caf/Bake,0,0,0,0,0
Sand/Caf/Bake,Burger,chaipoint  and  street food,Café,Burgers,Sand/Caf/Bake,0,0,0,0,0
Sand/Caf/Bake,Sand/Caf/Bake,philpotts st pauls,Sandwiches,Salads,Sand/Caf/Bake,0,0,0,0,0
Sand/Caf/Bake,Desserts,maffles,Café,Desserts,Sand/Caf/Bake,0,0,0,0,0
Sand/Caf/Bake,Sand/Caf/Bake,the vintage cafe,Café,Breakfast,Sand/Caf/Bake,0,0,0,0,0
Sand/Caf/Bake,British,delish,Breakfast,British,Sand/Caf/Bake,0,0,0,0,0
Sand/Caf/Bake,Sand/Caf/Bake,gosport lunchbox,Sandwiches,Breakfast,Sand/Caf/Bake,0,0,0,0,0
Sand/Caf/Bake,Lunch,bubble play cafe,Breakfast,Lunch,Sand/Caf/Bake,0,0,0,0,0
Sand/Caf/Bake,Lunch,panini's sandwich bar,Breakfast,Lunch,Sand/Caf/Bake,0,0,0,0,0
Sand/Caf/Bake,Burger,big bangs,Breakfast,Burgers,Sand/Caf/Bake,0,0,0,0,0
Sand/Caf/Bake,Sand/Caf/Bake,happy coffee,Breakfast,Sandwiches,Sand/Caf/Bake,0,0,0,0,0
Sand/Caf/Bake,Vegetarian,agora,Sandwiches,Vegetarian,Sand/Caf/Bake,0,0,0,0,0
Sand/Caf/Bake,Sand/Caf/Bake,ades sandwich bar,Sandwiches,Café,Sand/Caf/Bake,0,0,0,0,0
Caribbean,Sand/Caf/Bake,the taste of home,Caribbean,Breakfast,Sand/Caf/Bake,0,0,0,0,0
Sand/Caf/Bake,Sand/Caf/Bake,cj's food to go,Café,Deli,Sand/Caf/Bake,0,0,0,0,0
Sand/Caf/Bake,Sand/Caf/Bake,no8 cafe  and  sandwich bar,Breakfast,Café,Sand/Caf/Bake,0,0,0,0,0
Sand/Caf/Bake,Sand/Caf/Bake,bethanys,Breakfast,Sandwiches,Sand/Caf/Bake,0,0,0,0,0
British,Sand/Caf/Bake,the longford engine,British,Breakfast,Sand/Caf/Bake,0,0,0,0,0
Sand/Caf/Bake,Sand/Caf/Bake,rendezvous deli,Sandwiches,Breakfast,Sand/Caf/Bake,0,0,0,0,0
Healthy,Sand/Caf/Bake,lean  and  green,Healthy,Breakfast,Sand/Caf/Bake,0,0,0,0,0
Sand/Caf/Bake,Burger,lemonade cafe,Breakfast,Burgers,Sand/Caf/Bake,0,0,0,0,0
Sand/Caf/Bake,British,lynch box,Breakfast,British,Sand/Caf/Bake,0,0,0,0,0
Healthy,Sand/Caf/Bake,fresh food kitchen,Healthy,Breakfast,Sand/Caf/Bake,0,0,0,0,0
Sand/Caf/Bake,Roast Dinners,sandwich shack,Breakfast,Roast Dinners,Sand/Caf/Bake,0,0,0,0,0
Sand/Caf/Bake,Sand/Caf/Bake,the stoke cafe,Breakfast,Café,Sand/Caf/Bake,0,0,0,0,0
Sand/Caf/Bake,Sand/Caf/Bake,dawn's deli,Breakfast,Sandwiches,Sand/Caf/Bake,0,0,0,0,0
Sand/Caf/Bake,Sand/Caf/Bake,soundbites,Café,Breakfast,Sand/Caf/Bake,0,0,0,0,0
Sand/Caf/Bake,Desserts,coffee thirst desserts,Café,Desserts,Sand/Caf/Bake,0,0,0,0,0
Sand/Caf/Bake,Sand/Caf/Bake,oatopia @ boxpark,Breakfast,Bagels,Sand/Caf/Bake,0,0,0,0,0
British,Sand/Caf/Bake,the bow street cafe,British,Breakfast,Sand/Caf/Bake,0,0,0,0,0
Sand/Caf/Bake,Sand/Caf/Bake,atkinson's sandwich bar,Breakfast,Sandwiches,Sand/Caf/Bake,0,0,0,0,0
Sand/Caf/Bake,British,the food engine,Breakfast,British,Sand/Caf/Bake,0,0,0,0,0
Sand/Caf/Bake,Lunch,the house cafe,Breakfast,Lunch,Sand/Caf/Bake,0,0,0,0,0
Sand/Caf/Bake,Sand/Caf/Bake,coffee house,Café,Panini's,Sand/Caf/Bake,0,0,0,0,0
Sand/Caf/Bake,Burger,better butties,Breakfast,Burgers,Sand/Caf/Bake,0,0,0,0,0
Mediterranean,Sand/Caf/Bake,menagerie cafe,Mediterranean,Café,Sand/Caf/Bake,0,0,0,0,0
Sand/Caf/Bake,Burger,the fat cafe diner,Café,Burgers,Sand/Caf/Bake,0,0,0,0,0
Healthy,Sand/Caf/Bake,wild bunch juicery,Healthy,Sandwiches,Sand/Caf/Bake,0,0,0,0,0
Sand/Caf/Bake,Desserts,breakfasts sandwiches  and  snacks corner,Breakfast,Desserts,Sand/Caf/Bake,0,0,0,0,0
Sand/Caf/Bake,Burger,the tattooed goose,Breakfast,Burgers,Sand/Caf/Bake,0,0,0,0,0
British,Sand/Caf/Bake,butties and baps the cafe!,British,Breakfast,Sand/Caf/Bake,0,0,0,0,0
Healthy,Sand/Caf/Bake,stollies,Healthy,Breakfast,Sand/Caf/Bake,0,0,0,0,0
Sand/Caf/Bake,English,chilton diner,Breakfast,English,Sand/Caf/Bake,0,0,0,0,0
Sand/Caf/Bake,Chicken,bella's kitchen,Breakfast,Chicken,Sand/Caf/Bake,0,0,0,0,0
Sand/Caf/Bake,Sand/Caf/Bake,kelly's deli,Deli,Sandwiches,Sand/Caf/Bake,0,0,0,0,0
Sand/Caf/Bake,Sand/Caf/Bake,cofi club,Café,Breakfast,Sand/Caf/Bake,0,0,0,0,0
Sand/Caf/Bake,Lunch,inchinnan post office takeaway,Breakfast,Lunch,Sand/Caf/Bake,0,0,0,0,0
Sand/Caf/Bake,Sand/Caf/Bake,sandwich deli,Breakfast,Sandwiches,Sand/Caf/Bake,0,0,0,0,0
Moroccan,Sand/Caf/Bake,moroccan deli,Moroccan,Café,Sand/Caf/Bake,0,0,0,0,0
Sand/Caf/Bake,Sand/Caf/Bake,grab  and  go,Breakfast,Sandwiches,Sand/Caf/Bake,0,0,0,0,0
Lunch,Sand/Caf/Bake,kae's kitchen,Lunch,Breakfast,Sand/Caf/Bake,0,0,0,0,0
Sand/Caf/Bake,Sand/Caf/Bake,sammys kitchen,Café,Breakfast,Sand/Caf/Bake,0,0,0,0,0
Sand/Caf/Bake,Sand/Caf/Bake,cafe avenue,Café,Deli,Sand/Caf/Bake,0,0,0,0,0
Sand/Caf/Bake,Healthy,molly's deli,Breakfast,Healthy,Sand/Caf/Bake,0,0,0,0,0
Sand/Caf/Bake,Desserts,stanley's bakery,Sandwiches,Cakes,Sand/Caf/Bake,0,0,0,0,0
Sand/Caf/Bake,Sand/Caf/Bake,coffee warehouse,Sandwiches,Breakfast,Sand/Caf/Bake,0,0,0,0,0
Sand/Caf/Bake,British,food on the green,Breakfast,British,Sand/Caf/Bake,0,0,0,0,0
Sand/Caf/Bake,Burger,airline cafe,Breakfast,Burgers,Sand/Caf/Bake,0,0,0,0,0
Sand/Caf/Bake,Burger,coffeeville,Sandwiches,Burgers,Sand/Caf/Bake,0,0,0,0,0
Sand/Caf/Bake,Sand/Caf/Bake,five star cafe,Breakfast,Café,Sand/Caf/Bake,0,0,0,0,0
Sand/Caf/Bake,Sand/Caf/Bake,cafe s35,Breakfast,Sandwiches,Sand/Caf/Bake,0,0,0,0,0
Sand/Caf/Bake,Brunch,the tavern co brunch,Breakfast,Brunch,Sand/Caf/Bake,0,0,0,0,0
Sand/Caf/Bake,Burger,cosy cafe,Breakfast,Burgers,Sand/Caf/Bake,0,0,0,0,0
English,Sand/Caf/Bake,only food  and  sauces,English,Café,Sand/Caf/Bake,0,0,0,0,0
Sand/Caf/Bake,Sand/Caf/Bake,j's cafe  and  takeaway,Breakfast,Salads,Sand/Caf/Bake,0,0,0,0,0
Gluten Free,Sand/Caf/Bake,the gluten-free project,Gluten Free,Wraps,Sand/Caf/Bake,0,0,0,0,0
Sand/Caf/Bake,Pizza,dreams grill house,Breakfast,Pizza,Sand/Caf/Bake,0,0,0,0,0
Sand/Caf/Bake,Lunch,coco bean,Breakfast,Lunch,Sand/Caf/Bake,0,0,0,0,0
Sand/Caf/Bake,Sand/Caf/Bake,bake- and -butty,Breakfast,Sandwiches,Sand/Caf/Bake,0,0,0,0,0
Sand/Caf/Bake,Parmesans,linthorpe cafe,Breakfast,Parmesans,Sand/Caf/Bake,0,0,0,0,0
Sand/Caf/Bake,Lunch,par tee lounge,Breakfast,Lunch,Sand/Caf/Bake,0,0,0,0,0
Sand/Caf/Bake,Sand/Caf/Bake,food for thought,Breakfast,Sandwiches,Sand/Caf/Bake,0,0,0,0,0
Sand/Caf/Bake,Desserts,subby's,Sandwiches,Milkshakes,Sand/Caf/Bake,0,0,0,0,0
Sand/Caf/Bake,Sand/Caf/Bake,daisy cafe,Breakfast,Café,Sand/Caf/Bake,0,0,0,0,0
Sand/Caf/Bake,Sand/Caf/Bake,the bread machine,Breakfast,Sandwiches,Sand/Caf/Bake,0,0,0,0,0
Sand/Caf/Bake,Burger,soo delicious,Breakfast,Burgers,Sand/Caf/Bake,0,0,0,0,0
Sand/Caf/Bake,Sand/Caf/Bake,growlers food bar,Breakfast,Sandwiches,Sand/Caf/Bake,0,0,0,0,0
Sand/Caf/Bake,Sand/Caf/Bake,cafe ambrosia,Breakfast,Sandwiches,Sand/Caf/Bake,0,0,0,0,0
Sand/Caf/Bake,Sand/Caf/Bake,gourmet on the hill,Sandwiches,Café,Sand/Caf/Bake,0,0,0,0,0
Persian,Sand/Caf/Bake,metro cafe,Persian,Breakfast,Sand/Caf/Bake,0,0,0,0,0
Sand/Caf/Bake,Kebab,papas fish and chips,Breakfast,Kebab,Sand/Caf/Bake,0,0,0,0,0
Sand/Caf/Bake,Sand/Caf/Bake,scotties cafe,Breakfast,Café,Sand/Caf/Bake,0,0,0,0,0
Sand/Caf/Bake,Drinks,korner express,Breakfast,Drinks,Sand/Caf/Bake,0,0,0,0,0
Sand/Caf/Bake,Lunch,munchies @ leisureland,Breakfast,Lunch,Sand/Caf/Bake,0,0,0,0,0
Sand/Caf/Bake,Sand/Caf/Bake,philpotts portland chambers,Sandwiches,Salads,Sand/Caf/Bake,0,0,0,0,0
Sand/Caf/Bake,British,cafe direct,Breakfast,British,Sand/Caf/Bake,0,0,0,0,0
Sand/Caf/Bake,Sand/Caf/Bake,crusty cob,Sandwiches,Breakfast,Sand/Caf/Bake,0,0,0,0,0
Mexican,Sand/Caf/Bake,el paso,Mexican,Wraps,Sand/Caf/Bake,0,0,0,0,0
Sand/Caf/Bake,Desserts,mocha's ice cream  and  coffee bar,Café,Desserts,Sand/Caf/Bake,0,0,0,0,0
Lunch,Sand/Caf/Bake,cafe no9,Lunch,Breakfast,Sand/Caf/Bake,0,0,0,0,0
Sand/Caf/Bake,Sand/Caf/Bake,coffee and crusts,Breakfast,Sandwiches,Sand/Caf/Bake,0,0,0,0,0
Sand/Caf/Bake,Sand/Caf/Bake,jj's coffee lounge,Breakfast,Sandwiches,Sand/Caf/Bake,0,0,0,0,0
Sand/Caf/Bake,Burger,cob cottage,Breakfast,Burgers,Sand/Caf/Bake,0,0,0,0,0
Sand/Caf/Bake,Sand/Caf/Bake,meltmongers,Breakfast,Sandwiches,Sand/Caf/Bake,0,0,0,0,0
Sand/Caf/Bake,Sand/Caf/Bake,joanie's cafe,Breakfast,Deli,Sand/Caf/Bake,0,0,0,0,0
Sand/Caf/Bake,Sand/Caf/Bake,"as ""u"" like it",Sandwiches,Breakfast,Sand/Caf/Bake,0,0,0,0,0
Egyptian,Sand/Caf/Bake,norah's cafe and restaurant,Egyptian,Breakfast,Sand/Caf/Bake,0,0,0,0,0
Sand/Caf/Bake,Lunch,lets eat @ brook square sandwich bar,Breakfast,Lunch,Sand/Caf/Bake,0,0,0,0,0
Sand/Caf/Bake,Sand/Caf/Bake,crossroads cafe,Breakfast,Café,Sand/Caf/Bake,0,0,0,0,0
Mediterranean,Sand/Caf/Bake,sahin's lounge,Mediterranean,Breakfast,Sand/Caf/Bake,0,0,0,0,0
Sand/Caf/Bake,Lunch,the flying egg cafe,Breakfast,Lunch,Sand/Caf/Bake,0,0,0,0,0
Sand/Caf/Bake,Sand/Caf/Bake,union jack subs  and  hot dogs,Breakfast,Sandwiches,Sand/Caf/Bake,0,0,0,0,0
Vegan,Sand/Caf/Bake,teslatte cafe,Vegan,Café,Sand/Caf/Bake,0,0,0,0,0
Sand/Caf/Bake,Burger,tennyson cafe,Café,American,Sand/Caf/Bake,0,0,0,0,0
Sand/Caf/Bake,Sand/Caf/Bake,brew coffee  and  kitchen,Breakfast,Sandwiches,Sand/Caf/Bake,0,0,0,0,0
Sand/Caf/Bake,English,eatfresh,Breakfast,English,Sand/Caf/Bake,0,0,0,0,0
Sand/Caf/Bake,Sand/Caf/Bake,tuckins,Breakfast,Sandwiches,Sand/Caf/Bake,0,0,0,0,0
Sand/Caf/Bake,Sand/Caf/Bake,eat in house cafe,Breakfast,Café,Sand/Caf/Bake,0,0,0,0,0
Sand/Caf/Bake,Burger,bence's breakfast,Breakfast,Burgers,Sand/Caf/Bake,0,0,0,0,0
Sand/Caf/Bake,Sand/Caf/Bake,dee's deli,Sandwiches,Breakfast,Sand/Caf/Bake,0,0,0,0,0
Sand/Caf/Bake,Sand/Caf/Bake,rj's cafe,Breakfast,Café,Sand/Caf/Bake,0,0,0,0,0
Sand/Caf/Bake,Sand/Caf/Bake,tony's deli,Breakfast,Sandwiches,Sand/Caf/Bake,0,0,0,0,0
Sand/Caf/Bake,British,ti amo,Café,British,Sand/Caf/Bake,0,0,0,0,0
Sand/Caf/Bake,British,one sixty coffee bar,Breakfast,British,Sand/Caf/Bake,0,0,0,0,0
Sand/Caf/Bake,English,flavour,Breakfast,English,Sand/Caf/Bake,0,0,0,0,0
Sand/Caf/Bake,English,julies kitchen,Café,English,Sand/Caf/Bake,0,0,0,0,0
Sand/Caf/Bake,Sand/Caf/Bake,the sandwich maker,Sandwiches,Breakfast,Sand/Caf/Bake,0,0,0,0,0
Caribbean,Sand/Caf/Bake,coffee 'n' spice,Caribbean,Breakfast,Sand/Caf/Bake,0,0,0,0,0
Sand/Caf/Bake,Burger,hell's kitchen,Breakfast,American,Sand/Caf/Bake,0,0,0,0,0
British,Sand/Caf/Bake,cafe bistro 23,British,Breakfast,Sand/Caf/Bake,0,0,0,0,0
Sand/Caf/Bake,Sand/Caf/Bake,costcutter,Sandwiches,Wraps,Sand/Caf/Bake,0,0,0,0,0
Sand/Caf/Bake,Burger,kirsten's,Breakfast,Burgers,Sand/Caf/Bake,0,0,0,0,0
Caribbean,Sand/Caf/Bake,the wind rush restaurant,Caribbean,Breakfast,Sand/Caf/Bake,0,0,0,0,0
Sand/Caf/Bake,Healthy,feed,Breakfast,Healthy,Sand/Caf/Bake,0,0,0,0,0
Sand/Caf/Bake,Sand/Caf/Bake,drink art bar,Breakfast,Panini's,Sand/Caf/Bake,0,0,0,0,0
Sand/Caf/Bake,Grill,cafe de paris,Breakfast,Grill,Sand/Caf/Bake,0,0,0,0,0
Sand/Caf/Bake,Sand/Caf/Bake,crumbz cafe,Café,Breakfast,Sand/Caf/Bake,0,0,0,0,0
Sand/Caf/Bake,Burger,oz cafe,Breakfast,American,Sand/Caf/Bake,0,0,0,0,0
Sand/Caf/Bake,Sand/Caf/Bake,the lunch pad,Breakfast,Sandwiches,Sand/Caf/Bake,0,0,0,0,0
Sand/Caf/Bake,Vegan,the garden shed cafe,Café,Vegan,Sand/Caf/Bake,0,0,0,0,0
Sand/Caf/Bake,Burger,the bakery coffee bar,Breakfast,Burgers,Sand/Caf/Bake,0,0,0,0,0
Sand/Caf/Bake,British,grafter's,Café,British,Sand/Caf/Bake,0,0,0,0,0
Sand/Caf/Bake,Roast Dinners,fresh roast pots,Breakfast,Roast Dinners,Sand/Caf/Bake,0,0,0,0,0
Sand/Caf/Bake,Lunch,barscube deli,Breakfast,Lunch,Sand/Caf/Bake,0,0,0,0,0
Sand/Caf/Bake,Sand/Caf/Bake,cafe mimi,Breakfast,Sandwiches,Sand/Caf/Bake,0,0,0,0,0
Sand/Caf/Bake,Lunch,nancy's sandwich bar,Breakfast,Lunch,Sand/Caf/Bake,0,0,0,0,0
Sand/Caf/Bake,Lunch,simply breakfast,Breakfast,Lunch,Sand/Caf/Bake,0,0,0,0,0
Sand/Caf/Bake,Sand/Caf/Bake,stadium cafe,Breakfast,Sandwiches,Sand/Caf/Bake,0,0,0,0,0
Sand/Caf/Bake,European,bryter moon deli,Deli,European,Sand/Caf/Bake,0,0,0,0,0
Sand/Caf/Bake,Desserts,madmug cafe,Breakfast,Desserts,Sand/Caf/Bake,0,0,0,0,0
Sand/Caf/Bake,Sand/Caf/Bake,frankie's toasties,Sandwiches,Breakfast,Sand/Caf/Bake,0,0,0,0,0
Sand/Caf/Bake,British,the roll man,Breakfast,British,Sand/Caf/Bake,0,0,0,0,0
Sand/Caf/Bake,Grill,nell's kitchen,Breakfast,Grill,Sand/Caf/Bake,0,0,0,0,0
British,Sand/Caf/Bake,upex pies,British,Sandwiches,Sand/Caf/Bake,0,0,0,0,0
Sand/Caf/Bake,Lunch,jungle catering,Breakfast,Lunch,Sand/Caf/Bake,0,0,0,0,0
Sand/Caf/Bake,Sand/Caf/Bake,corry's cafe,Café,Breakfast,Sand/Caf/Bake,0,0,0,0,0
Sand/Caf/Bake,British,white cliff cafe,Café,British,Sand/Caf/Bake,0,0,0,0,0
Sand/Caf/Bake,Sand/Caf/Bake,quick  and  plenty cafe,Breakfast,Sandwiches,Sand/Caf/Bake,0,0,0,0,0
Sand/Caf/Bake,Desserts,2 nice cafe,Sandwiches,Cakes,Sand/Caf/Bake,0,0,0,0,0
Sand/Caf/Bake,Sand/Caf/Bake,webster's sandwich bar,Breakfast,Sandwiches,Sand/Caf/Bake,0,0,0,0,0
British,Sand/Caf/Bake,crave coffee  and  catering,British,Breakfast,Sand/Caf/Bake,0,0,0,0,0
Sand/Caf/Bake,Roast Dinners,cafe cross the mersey,Breakfast,Roast Dinners,Sand/Caf/Bake,0,0,0,0,0
British,Sand/Caf/Bake,bebby's brunch @ foodstars,British,Breakfast,Sand/Caf/Bake,0,0,0,0,0
Caribbean,Sand/Caf/Bake,the big taste,Caribbean,Breakfast,Sand/Caf/Bake,0,0,0,0,0
British,Sand/Caf/Bake,woosters of westbourne coffee house,British,Sandwiches,Sand/Caf/Bake,0,0,0,0,0
Sand/Caf/Bake,Lunch,the baguette bar,Breakfast,Lunch,Sand/Caf/Bake,0,0,0,0,0
Sand/Caf/Bake,Lunch,rose cafe restaurant,Breakfast,Lunch,Sand/Caf/Bake,0,0,0,0,0
Sand/Caf/Bake,Sand/Caf/Bake,essy's restaurant,Café,Breakfast,Sand/Caf/Bake,0,0,0,0,0
Sand/Caf/Bake,Sand/Caf/Bake,bagelmania,Bagels,Salads,Sand/Caf/Bake,0,0,0,0,0
Sand/Caf/Bake,Sand/Caf/Bake,the bear cafe,Breakfast,Café,Sand/Caf/Bake,0,0,0,0,0
African,Sand/Caf/Bake,bubbles cafe,African,Breakfast,Sand/Caf/Bake,0,0,0,0,0
Sand/Caf/Bake,British,bednbreakfasttt,Breakfast,British,Sand/Caf/Bake,0,0,0,0,0
Sand/Caf/Bake,Sushi,poke  and  co kentish town,Salads,Sushi,Sand/Caf/Bake,0,0,0,0,0
Sand/Caf/Bake,Lunch,vibes cafe,Breakfast,Lunch,Sand/Caf/Bake,0,0,0,0,0
Sand/Caf/Bake,Burger,vannas cafe,Breakfast,Burgers,Sand/Caf/Bake,0,0,0,0,0
Sand/Caf/Bake,Healthy,blue shack,Breakfast,Healthy,Sand/Caf/Bake,0,0,0,0,0
Sand/Caf/Bake,Sand/Caf/Bake,paddock cafe,Breakfast,Sandwiches,Sand/Caf/Bake,0,0,0,0,0
Sand/Caf/Bake,Sand/Caf/Bake,round trio,Breakfast,Sandwiches,Sand/Caf/Bake,0,0,0,0,0
Sand/Caf/Bake,Sand/Caf/Bake,mrs hartleys ltd hot and cold food,Breakfast,Sandwiches,Sand/Caf/Bake,0,0,0,0,0
Mediterranean,Sand/Caf/Bake,michael's brasserie,Mediterranean,Sandwiches,Sand/Caf/Bake,0,0,0,0,0
Sand/Caf/Bake,Lunch,oxus cafe  and  restaurant,Breakfast,Lunch,Sand/Caf/Bake,0,0,0,0,0
Sand/Caf/Bake,British,stumpy's shack,Breakfast,British,Sand/Caf/Bake,0,0,0,0,0
Sand/Caf/Bake,Desserts,holy cheese @ gaiety bar ,Sandwiches,Desserts,Sand/Caf/Bake,0,0,0,0,0
English,Sand/Caf/Bake,treefield snacks,English,Breakfast,Sand/Caf/Bake,0,0,0,0,0
Sand/Caf/Bake,Sand/Caf/Bake,big phil'lers deli,Breakfast,Sandwiches,Sand/Caf/Bake,0,0,0,0,0
Sand/Caf/Bake,Smoothies,petit cafe dessert,Café,Smoothies,Sand/Caf/Bake,0,0,0,0,0
Sand/Caf/Bake,Sand/Caf/Bake,old st. cafe,Sandwiches,Breakfast,Sand/Caf/Bake,0,0,0,0,0
Sand/Caf/Bake,Lunch,coffee  and  beans,Breakfast,Lunch,Sand/Caf/Bake,0,0,0,0,0
Sand/Caf/Bake,Desserts,the sub factory,Sandwiches,Desserts,Sand/Caf/Bake,0,0,0,0,0
Sand/Caf/Bake,Sand/Caf/Bake,papillon,Breakfast,Sandwiches,Sand/Caf/Bake,0,0,0,0,0
Sand/Caf/Bake,Sand/Caf/Bake,caffe latte,Breakfast,Sandwiches,Sand/Caf/Bake,0,0,0,0,0
Russian,Sand/Caf/Bake,zima - soho,Russian,Salads,Sand/Caf/Bake,0,0,0,0,0
Sand/Caf/Bake,Caribbean,pickwicks sandwich bar,Café,Caribbean,Sand/Caf/Bake,0,0,0,0,0
Sand/Caf/Bake,Healthy,baguette corner,Sandwiches,Healthy,Sand/Caf/Bake,0,0,0,0,0
Sand/Caf/Bake,Sand/Caf/Bake,nanis,Breakfast,Sandwiches,Sand/Caf/Bake,0,0,0,0,0
Sand/Caf/Bake,Sand/Caf/Bake,rosie's kitchen,Breakfast,Sandwiches,Sand/Caf/Bake,0,0,0,0,0
Sand/Caf/Bake,Sand/Caf/Bake,montys,Breakfast,Café,Sand/Caf/Bake,0,0,0,0,0
Sand/Caf/Bake,Sand/Caf/Bake,not just sandwiches,Sandwiches,Breakfast,Sand/Caf/Bake,0,0,0,0,0
Sand/Caf/Bake,Sand/Caf/Bake,star coffee patisserie,Café,Breakfast,Sand/Caf/Bake,0,0,0,0,0
Sand/Caf/Bake,Healthy,lena's cafe,Café,Healthy,Sand/Caf/Bake,0,0,0,0,0
Sand/Caf/Bake,Desserts,gelatorino,Sandwiches,Ice Cream,Sand/Caf/Bake,0,0,0,0,0
Sushi,Sand/Caf/Bake,fashion sushi  and  cafe,Sushi,Café,Sand/Caf/Bake,0,0,0,0,0
Sand/Caf/Bake,British,crazy chops delicatessen,Breakfast,British,Sand/Caf/Bake,0,0,0,0,0
Sand/Caf/Bake,Soup,vaughn's,Breakfast,Soup,Sand/Caf/Bake,0,0,0,0,0
Sand/Caf/Bake,British,tienda de cafe,Café,British,Sand/Caf/Bake,0,0,0,0,0
Lunch,Sand/Caf/Bake,naked lunch,Lunch,Breakfast,Sand/Caf/Bake,0,0,0,0,0
Sand/Caf/Bake,Sand/Caf/Bake,olivitta deli bar,Wraps,Sandwiches,Sand/Caf/Bake,0,0,0,0,0
British,Sand/Caf/Bake,pippin's corner,British,Breakfast,Sand/Caf/Bake,0,0,0,0,0
Sand/Caf/Bake,Sand/Caf/Bake,big belly baguettes,Breakfast,Sandwiches,Sand/Caf/Bake,0,0,0,0,0
Sand/Caf/Bake,Sand/Caf/Bake,deli intu,Deli,Sandwiches,Sand/Caf/Bake,0,0,0,0,0
Parmesans,Sand/Caf/Bake,piccadilly,Parmesans,Wraps,Sand/Caf/Bake,0,0,0,0,0
Sand/Caf/Bake,Sand/Caf/Bake,fry 'a' tucks cafe,Breakfast,Sandwiches,Sand/Caf/Bake,0,0,0,0,0
Sand/Caf/Bake,Desserts,better bagels,Bagels,Desserts,Sand/Caf/Bake,0,0,0,0,0
Sand/Caf/Bake,Sand/Caf/Bake,plava laguna,Sandwiches,Breakfast,Sand/Caf/Bake,0,0,0,0,0
Sand/Caf/Bake,Lunch,cafe west,Breakfast,Lunch,Sand/Caf/Bake,0,0,0,0,0
Sand/Caf/Bake,Sand/Caf/Bake,dj sarni bar,Sandwiches,Breakfast,Sand/Caf/Bake,0,0,0,0,0
Sand/Caf/Bake,Pizza,didsbury cafe,Breakfast,Pizza,Sand/Caf/Bake,0,0,0,0,0
English,Sand/Caf/Bake,heliya cafe bar,English,Breakfast,Sand/Caf/Bake,0,0,0,0,0
Sand/Caf/Bake,Sand/Caf/Bake,taste bud cafe,Breakfast,Café,Sand/Caf/Bake,0,0,0,0,0
Sand/Caf/Bake,Sand/Caf/Bake,nice nosh,Breakfast,Café,Sand/Caf/Bake,0,0,0,0,0
Sand/Caf/Bake,Lunch,food fairies,Breakfast,Lunch,Sand/Caf/Bake,0,0,0,0,0
Sand/Caf/Bake,Brunch,cafe east,Breakfast,Brunch,Sand/Caf/Bake,0,0,0,0,0
Sand/Caf/Bake,Sand/Caf/Bake,urban deli,Sandwiches,Salads,Sand/Caf/Bake,0,0,0,0,0
Sand/Caf/Bake,Desserts,rio's cafe - treaty bar,Breakfast,Desserts,Sand/Caf/Bake,0,0,0,0,0
Sand/Caf/Bake,Desserts,melted,Sandwiches,Milkshakes,Sand/Caf/Bake,0,0,0,0,0
Sand/Caf/Bake,Burger,joy cafe bar  and  juicery,Breakfast,Burgers,Sand/Caf/Bake,0,0,0,0,0
Sand/Caf/Bake,Lunch,vanilla coffee shop,Breakfast,Lunch,Sand/Caf/Bake,0,0,0,0,0
Sand/Caf/Bake,Burger,the corner house,Breakfast,Burgers,Sand/Caf/Bake,0,0,0,0,0
Sand/Caf/Bake,Burger,casablanca cafe,Breakfast,Burgers,Sand/Caf/Bake,0,0,0,0,0
Sand/Caf/Bake,Sand/Caf/Bake,pete's pantry,Breakfast,Sandwiches,Sand/Caf/Bake,0,0,0,0,0
Sand/Caf/Bake,Sand/Caf/Bake,the cafe and ,Breakfast,Café,Sand/Caf/Bake,0,0,0,0,0
Sand/Caf/Bake,English,cumbria tasty bites,Sandwiches,English,Sand/Caf/Bake,0,0,0,0,0
Sand/Caf/Bake,Desserts,pepino,Breakfast,Milkshakes,Sand/Caf/Bake,0,0,0,0,0
Sand/Caf/Bake,Lunch,pete's,Breakfast,Lunch,Sand/Caf/Bake,0,0,0,0,0
Sand/Caf/Bake,Burger,benson's cafe,Breakfast,Burgers,Sand/Caf/Bake,0,0,0,0,0
Sand/Caf/Bake,Desserts,flavours sandwiches  and  desserts,Sandwiches,Desserts,Sand/Caf/Bake,0,0,0,0,0
Sand/Caf/Bake,Sand/Caf/Bake,robinson's bakery - oldbury,Breakfast,Sandwiches,Sand/Caf/Bake,0,0,0,0,0
Sand/Caf/Bake,Burger,wee fatty's,Breakfast,Burgers,Sand/Caf/Bake,0,0,0,0,0
Sand/Caf/Bake,Sand/Caf/Bake,teapot cafe,Café,Breakfast,Sand/Caf/Bake,0,0,0,0,0
Sand/Caf/Bake,Sand/Caf/Bake,dee arab bites,Breakfast,Sandwiches,Sand/Caf/Bake,0,0,0,0,0
Sand/Caf/Bake,British,great british kitchen @ ravensworth golf club,Breakfast,British,Sand/Caf/Bake,0,0,0,0,0
Sand/Caf/Bake,English,memory lane cafe,Breakfast,English,Sand/Caf/Bake,0,0,0,0,0
Sand/Caf/Bake,Sand/Caf/Bake,mama d's pie  and  peas,Breakfast,Sandwiches,Sand/Caf/Bake,0,0,0,0,0
Sand/Caf/Bake,Healthy,something else,Breakfast,Healthy,Sand/Caf/Bake,0,0,0,0,0
Sand/Caf/Bake,Lunch,market deli,Deli,Lunch,Sand/Caf/Bake,0,0,0,0,0
Sand/Caf/Bake,Sand/Caf/Bake,the cafe by lilypops,Breakfast,Sandwiches,Sand/Caf/Bake,0,0,0,0,0
Sand/Caf/Bake,Lunch,ohara sandwich co,Breakfast,Lunch,Sand/Caf/Bake,0,0,0,0,0
Sand/Caf/Bake,British,wakey-wakey,Breakfast,British,Sand/Caf/Bake,0,0,0,0,0
Sand/Caf/Bake,English Breakfast,the conservatory tea room,Salads,English Breakfast,Sand/Caf/Bake,0,0,0,0,0
Sand/Caf/Bake,Sand/Caf/Bake,sweets 'n' treats,Café,Breakfast,Sand/Caf/Bake,0,0,0,0,0
Sand/Caf/Bake,Sand/Caf/Bake,blue tree kitchen,Café,Panini's,Sand/Caf/Bake,0,0,0,0,0
Sand/Caf/Bake,Sand/Caf/Bake,montagus's cafe,Breakfast,Café,Sand/Caf/Bake,0,0,0,0,0
Healthy,Sand/Caf/Bake,brunswick nutrition,Healthy,Breakfast,Sand/Caf/Bake,0,0,0,0,0
Sand/Caf/Bake,African,saint gabriel cafe,Café,African,Sand/Caf/Bake,0,0,0,0,0
Sand/Caf/Bake,Sand/Caf/Bake,the arty 101 cafe,Café,Breakfast,Sand/Caf/Bake,0,0,0,0,0
Sand/Caf/Bake,Lunch,onion cafe,Café,Lunch,Sand/Caf/Bake,0,0,0,0,0
Sand/Caf/Bake,English,cuckoos nest,Breakfast,English,Sand/Caf/Bake,0,0,0,0,0
Sand/Caf/Bake,Lunch,claire's snackbar,Breakfast,Lunch,Sand/Caf/Bake,0,0,0,0,0
Sand/Caf/Bake,Burger,the steak box,Breakfast,Burgers,Sand/Caf/Bake,0,0,0,0,0
British,Sand/Caf/Bake,gourmet kitchen @ ravensworth golf club,British,Breakfast,Sand/Caf/Bake,0,0,0,0,0
Sand/Caf/Bake,Lunch,wraplab uk,Wraps,Lunch,Sand/Caf/Bake,0,0,0,0,0
Sand/Caf/Bake,Sand/Caf/Bake,barmy sarnies,Breakfast,Sandwiches,Sand/Caf/Bake,0,0,0,0,0
Sand/Caf/Bake,Burger,destan's cafe  and  takeaway,Breakfast,Burgers,Sand/Caf/Bake,0,0,0,0,0
Sand/Caf/Bake,Sand/Caf/Bake,lite bites,Sandwiches,Breakfast,Sand/Caf/Bake,0,0,0,0,0
Sand/Caf/Bake,Grill,deli star,Deli,Grill,Sand/Caf/Bake,0,0,0,0,0
Sand/Caf/Bake,British,cakes n cookin cafe,Breakfast,British,Sand/Caf/Bake,0,0,0,0,0
Sand/Caf/Bake,Sand/Caf/Bake,burslem butty,Sandwiches,Breakfast,Sand/Caf/Bake,0,0,0,0,0
Sand/Caf/Bake,Sand/Caf/Bake,m two snax,Sandwiches,Café,Sand/Caf/Bake,0,0,0,0,0
Sand/Caf/Bake,English,chichini,Breakfast,English,Sand/Caf/Bake,0,0,0,0,0
Sand/Caf/Bake,English,cafe treat,Breakfast,English,Sand/Caf/Bake,0,0,0,0,0
Mediterranean,Sand/Caf/Bake,earthsea,Mediterranean,Breakfast,Sand/Caf/Bake,0,0,0,0,0
Sand/Caf/Bake,Sand/Caf/Bake,the bread bin,Breakfast,Café,Sand/Caf/Bake,0,0,0,0,0
Sand/Caf/Bake,Sand/Caf/Bake,sarnilands,Sandwiches,Panini's,Sand/Caf/Bake,0,0,0,0,0
Sand/Caf/Bake,Sand/Caf/Bake,tj's sandwich bar (long eaton),Breakfast,Sandwiches,Sand/Caf/Bake,0,0,0,0,0
British,Sand/Caf/Bake,day  today @ premier express,British,Breakfast,Sand/Caf/Bake,0,0,0,0,0
Sand/Caf/Bake,Sand/Caf/Bake,the wee roll shop,Breakfast,Sandwiches,Sand/Caf/Bake,0,0,0,0,0
Sand/Caf/Bake,Burger,skrannies breakfast,Breakfast,Burgers,Sand/Caf/Bake,0,0,0,0,0
Sand/Caf/Bake,Sand/Caf/Bake,philpotts brunswick street,Sandwiches,Salads,Sand/Caf/Bake,0,0,0,0,0
Sand/Caf/Bake,Sand/Caf/Bake,juicy lucy's sandwich bar,Sandwiches,Breakfast,Sand/Caf/Bake,0,0,0,0,0
Sand/Caf/Bake,Burger,plaza cafe,Breakfast,Burgers,Sand/Caf/Bake,0,0,0,0,0
Sand/Caf/Bake,Healthy,j-jay's,Café,Healthy,Sand/Caf/Bake,0,0,0,0,0
Sand/Caf/Bake,Sand/Caf/Bake,rollette cafe,Breakfast,Sandwiches,Sand/Caf/Bake,0,0,0,0,0
Sand/Caf/Bake,Sand/Caf/Bake,the hot bread shop,Sandwiches,Breakfast,Sand/Caf/Bake,0,0,0,0,0
Sand/Caf/Bake,Burger,cabin cafe,Breakfast,Burgers,Sand/Caf/Bake,0,0,0,0,0
Sand/Caf/Bake,Sand/Caf/Bake,godwin cafe  and  restaurant,Breakfast,Café,Sand/Caf/Bake,0,0,0,0,0
Sand/Caf/Bake,Sand/Caf/Bake,bramleys cafe,Café,Breakfast,Sand/Caf/Bake,0,0,0,0,0
Sand/Caf/Bake,British,cafe fresh,Breakfast,British,Sand/Caf/Bake,0,0,0,0,0
Sand/Caf/Bake,Sand/Caf/Bake,cafe 91,Café,Breakfast,Sand/Caf/Bake,0,0,0,0,0
Sand/Caf/Bake,Lunch,our caff,Breakfast,Lunch,Sand/Caf/Bake,0,0,0,0,0
Sand/Caf/Bake,Burger,aila'js cafe,Breakfast,Burgers,Sand/Caf/Bake,0,0,0,0,0
Grill,Sand/Caf/Bake,carmello's coffee restaurant,Grill,Breakfast,Sand/Caf/Bake,0,0,0,0,0
Sand/Caf/Bake,Sand/Caf/Bake,wharf cafe,Café,Breakfast,Sand/Caf/Bake,0,0,0,0,0
Sand/Caf/Bake,Sand/Caf/Bake,on ur mark's,Café,Breakfast,Sand/Caf/Bake,0,0,0,0,0
Sand/Caf/Bake,Sand/Caf/Bake,fairfax cafe,Breakfast,Sandwiches,Sand/Caf/Bake,0,0,0,0,0
Sand/Caf/Bake,Burger,audrey's deli,Deli,Burgers,Sand/Caf/Bake,0,0,0,0,0
Sand/Caf/Bake,Desserts,proper roast,Sandwiches,Cakes,Sand/Caf/Bake,0,0,0,0,0
Sand/Caf/Bake,Sand/Caf/Bake,j and l takeaway,Breakfast,Café,Sand/Caf/Bake,0,0,0,0,0
Sand/Caf/Bake,Burger,food,Breakfast,American,Sand/Caf/Bake,0,0,0,0,0
English,Sand/Caf/Bake,fatboys cafe  and  restaurant,English,Café,Sand/Caf/Bake,0,0,0,0,0
Sand/Caf/Bake,Sand/Caf/Bake,i smile,Breakfast,Café,Sand/Caf/Bake,0,0,0,0,0
Sand/Caf/Bake,Sand/Caf/Bake,good times roll,Breakfast,Café,Sand/Caf/Bake,0,0,0,0,0
Sand/Caf/Bake,Sand/Caf/Bake,the northern den,Café,Breakfast,Sand/Caf/Bake,0,0,0,0,0
Sand/Caf/Bake,Sand/Caf/Bake,faifley deli,Breakfast,Café,Sand/Caf/Bake,0,0,0,0,0
Sand/Caf/Bake,Desserts,the barn,Café,Desserts,Sand/Caf/Bake,0,0,0,0,0
Sand/Caf/Bake,Lunch,toast 2 roast,Breakfast,Lunch,Sand/Caf/Bake,0,0,0,0,0
Sand/Caf/Bake,Pancakes,the interesting eating company,Breakfast,Pancakes,Sand/Caf/Bake,0,0,0,0,0
British,Sand/Caf/Bake,the shack greenock,British,Breakfast,Sand/Caf/Bake,0,0,0,0,0
Sand/Caf/Bake,Lunch,sugar lump,Café,Lunch,Sand/Caf/Bake,0,0,0,0,0
Sand/Caf/Bake,Sand/Caf/Bake,the hideaway,Café,Breakfast,Sand/Caf/Bake,0,0,0,0,0
Sand/Caf/Bake,Sand/Caf/Bake,cafe delight sutton,Breakfast,Café,Sand/Caf/Bake,0,0,0,0,0
Sand/Caf/Bake,Sand/Caf/Bake,agnew's sandwich shop,Breakfast,Café,Sand/Caf/Bake,0,0,0,0,0
Sand/Caf/Bake,Desserts,tiki's,Café,Cakes,Sand/Caf/Bake,0,0,0,0,0
Sand/Caf/Bake,Lunch,cafe bodrum,Breakfast,Lunch,Sand/Caf/Bake,0,0,0,0,0
Sand/Caf/Bake,Sand/Caf/Bake,millfield munchies,Breakfast,Sandwiches,Sand/Caf/Bake,0,0,0,0,0
Sand/Caf/Bake,Lunch,the chef,Breakfast,Lunch,Sand/Caf/Bake,0,0,0,0,0
Sand/Caf/Bake,Burger,gibbo's ringside bistro @ coh,Breakfast,Burgers,Sand/Caf/Bake,0,0,0,0,0
Sand/Caf/Bake,Desserts,eats and treats,Café,Desserts,Sand/Caf/Bake,0,0,0,0,0
Sand/Caf/Bake,Sand/Caf/Bake,newington cafe  and  restaurant,Breakfast,Sandwiches,Sand/Caf/Bake,0,0,0,0,0
Sand/Caf/Bake,Burger,arbuckles baguette bar,Baguettes,Burgers,Sand/Caf/Bake,0,0,0,0,0
French,Sand/Caf/Bake,oh la la! cuisine,French,Deli,Sand/Caf/Bake,0,0,0,0,0
Sand/Caf/Bake,Desserts,devito's grill  and  shake,Breakfast,Desserts,Sand/Caf/Bake,0,0,0,0,0
English,Sand/Caf/Bake,darcey's,English,Sandwiches,Sand/Caf/Bake,0,0,0,0,0
Sand/Caf/Bake,English,piggy's,Breakfast,English,Sand/Caf/Bake,0,0,0,0,0
Sand/Caf/Bake,Sand/Caf/Bake,english breakfast  and  vegetarian cafe,Breakfast,Sandwiches,Sand/Caf/Bake,0,0,0,0,0
Sand/Caf/Bake,Sand/Caf/Bake,upper crust cafe express,Breakfast,Café,Sand/Caf/Bake,0,0,0,0,0
Sand/Caf/Bake,Burger,adassa blu coffee bar and restaurant,Breakfast,Burgers,Sand/Caf/Bake,0,0,0,0,0
Sand/Caf/Bake,Sand/Caf/Bake,dry docks cafe,Breakfast,Café,Sand/Caf/Bake,0,0,0,0,0
Sand/Caf/Bake,English,tota cafe,Breakfast,English,Sand/Caf/Bake,0,0,0,0,0
Sand/Caf/Bake,Sand/Caf/Bake,fearns red door deli,Breakfast,Sandwiches,Sand/Caf/Bake,0,0,0,0,0
Sand/Caf/Bake,Sand/Caf/Bake,the butty shop,Breakfast,Sandwiches,Sand/Caf/Bake,0,0,0,0,0
Sand/Caf/Bake,Lunch,the butty shack,Breakfast,Lunch,Sand/Caf/Bake,0,0,0,0,0
Sand/Caf/Bake,Burger,fuel,Breakfast,Burgers,Sand/Caf/Bake,0,0,0,0,0
Sand/Caf/Bake,Desserts,kath's kitchen and ice cream parlour,Breakfast,Desserts,Sand/Caf/Bake,0,0,0,0,0
Sand/Caf/Bake,Sand/Caf/Bake,the big belly deli,Café,Breakfast,Sand/Caf/Bake,0,0,0,0,0
Sand/Caf/Bake,Sand/Caf/Bake,church street sandwich bar,Breakfast,Sandwiches,Sand/Caf/Bake,0,0,0,0,0
Sand/Caf/Bake,Vegan,thyme square cafe,Breakfast,Vegan,Sand/Caf/Bake,0,0,0,0,0
Sand/Caf/Bake,Desserts,grinders of london,Sandwiches,Desserts,Sand/Caf/Bake,0,0,0,0,0
Brunch,Sand/Caf/Bake,breck n brunch,Brunch,Breakfast,Sand/Caf/Bake,0,0,0,0,0
Sand/Caf/Bake,Subways,fun fillings,Breakfast,Subways,Sand/Caf/Bake,0,0,0,0,0
Sand/Caf/Bake,Sand/Caf/Bake,smith's cafe,Breakfast,Café,Sand/Caf/Bake,0,0,0,0,0
Sand/Caf/Bake,Pizza,the tower cafe,Deli,Pizza,Sand/Caf/Bake,0,0,0,0,0
Sand/Caf/Bake,Sand/Caf/Bake,the philling station,Breakfast,Sandwiches,Sand/Caf/Bake,0,0,0,0,0
English,Sand/Caf/Bake,the lunchbox cafe  and  takeaway,English,Breakfast,Sand/Caf/Bake,0,0,0,0,0
Sand/Caf/Bake,Sand/Caf/Bake,the brunch shop,Sandwiches,Breakfast,Sand/Caf/Bake,0,0,0,0,0
Sand/Caf/Bake,Burger,havana's,Sandwiches,Burgers,Sand/Caf/Bake,0,0,0,0,0
Sand/Caf/Bake,Burger,lansdown diner,Breakfast,American,Sand/Caf/Bake,0,0,0,0,0
Sand/Caf/Bake,Sand/Caf/Bake,steam  and  bean coffee lounge,Café,Panini's,Sand/Caf/Bake,0,0,0,0,0
Sand/Caf/Bake,British,collier row cafe,Breakfast,British,Sand/Caf/Bake,0,0,0,0,0
Sand/Caf/Bake,Sand/Caf/Bake,philpotts exchange flags,Sandwiches,Salads,Sand/Caf/Bake,0,0,0,0,0
Sand/Caf/Bake,British,battersea grill,Breakfast,British,Sand/Caf/Bake,0,0,0,0,0
Sand/Caf/Bake,Desserts,the green hut at moreton hills,Breakfast,Milkshakes,Sand/Caf/Bake,0,0,0,0,0
Sand/Caf/Bake,Sand/Caf/Bake,sunflowers,Sandwiches,Breakfast,Sand/Caf/Bake,0,0,0,0,0
Sand/Caf/Bake,Desserts,may's catering co.,Breakfast,Desserts,Sand/Caf/Bake,0,0,0,0,0
Thai,Sand/Caf/Bake,woody grill,Thai,Salads,Sand/Caf/Bake,0,0,0,0,0
Sand/Caf/Bake,Sand/Caf/Bake,two sisters sandwich bar,Breakfast,Sandwiches,Sand/Caf/Bake,0,0,0,0,0
Dinner,Sand/Caf/Bake,fresh belly bites,Dinner,Breakfast,Sand/Caf/Bake,0,0,0,0,0
Sand/Caf/Bake,Sand/Caf/Bake,time out,Breakfast,Sandwiches,Sand/Caf/Bake,0,0,0,0,0
Sand/Caf/Bake,Vegan,bijou cafe london,Café,Vegan,Sand/Caf/Bake,0,0,0,0,0
English,Sand/Caf/Bake,concorde cafe,English,Breakfast,Sand/Caf/Bake,0,0,0,0,0
Sand/Caf/Bake,Desserts,lilyanne's coffee bar,Breakfast,Desserts,Sand/Caf/Bake,0,0,0,0,0
Sand/Caf/Bake,Lunch,baguettes  and  more,Panini's,Lunch,Sand/Caf/Bake,0,0,0,0,0
Sand/Caf/Bake,British,betsy's cafe,Café,British,Sand/Caf/Bake,0,0,0,0,0
Sand/Caf/Bake,Sand/Caf/Bake,ambassador bar,Breakfast,Sandwiches,Sand/Caf/Bake,0,0,0,0,0
British,Sand/Caf/Bake,the hideout cafe,British,Breakfast,Sand/Caf/Bake,0,0,0,0,0
Sand/Caf/Bake,Sand/Caf/Bake,relish sandwhich bar,Breakfast,Sandwiches,Sand/Caf/Bake,0,0,0,0,0
Sand/Caf/Bake,Sand/Caf/Bake,yorkshire crust,Breakfast,Café,Sand/Caf/Bake,0,0,0,0,0
Sand/Caf/Bake,Lunch,millar snacks,Breakfast,Lunch,Sand/Caf/Bake,0,0,0,0,0
Sand/Caf/Bake,Sand/Caf/Bake,kelly deli,Deli,Sandwiches,Sand/Caf/Bake,0,0,0,0,0
Sand/Caf/Bake,Sand/Caf/Bake,philpotts edgbaston,Sandwiches,Salads,Sand/Caf/Bake,0,0,0,0,0
Sand/Caf/Bake,Pizza,amico cafe bolton,Breakfast,Italian,Sand/Caf/Bake,0,0,0,0,0
Sand/Caf/Bake,Pasta,8 rocks deli  and  wine,Breakfast,Pasta,Sand/Caf/Bake,0,0,0,0,0
Sand/Caf/Bake,Desserts,merkland cafe,Breakfast,Desserts,Sand/Caf/Bake,0,0,0,0,0
English,Sand/Caf/Bake,the english kitchen,English,Breakfast,Sand/Caf/Bake,0,0,0,0,0
Sand/Caf/Bake,Sand/Caf/Bake,jessica's sandwich bar,Breakfast,Sandwiches,Sand/Caf/Bake,0,0,0,0,0
Sand/Caf/Bake,Kebab,brunch bar,Breakfast,Kebab,Sand/Caf/Bake,0,0,0,0,0
Sand/Caf/Bake,Sand/Caf/Bake,get stuffed breakfast  and  sandwich bar,Breakfast,Sandwiches,Sand/Caf/Bake,0,0,0,0,0
Sand/Caf/Bake,British,elbeck's cafe,Breakfast,British,Sand/Caf/Bake,0,0,0,0,0
Sand/Caf/Bake,Burger,jodie's kitchen,Breakfast,Burgers,Sand/Caf/Bake,0,0,0,0,0
Sand/Caf/Bake,English,tasty town kitchen,Breakfast,English,Sand/Caf/Bake,0,0,0,0,0
Sand/Caf/Bake,Sand/Caf/Bake,philpotts edinburgh,Sandwiches,Salads,Sand/Caf/Bake,0,0,0,0,0
Sand/Caf/Bake,Healthy,spirulina,Breakfast,Healthy,Sand/Caf/Bake,0,0,0,0,0
Sand/Caf/Bake,Lunch,medo cafe,Breakfast,Lunch,Sand/Caf/Bake,0,0,0,0,0
Sand/Caf/Bake,Sand/Caf/Bake,tovens cafe,Café,Breakfast,Sand/Caf/Bake,0,0,0,0,0
Sand/Caf/Bake,British,cafe 81,Café,British,Sand/Caf/Bake,0,0,0,0,0
Sand/Caf/Bake,Sand/Caf/Bake,momma b's,Café,Breakfast,Sand/Caf/Bake,0,0,0,0,0
Sand/Caf/Bake,Street Food,lisa's grill,Breakfast,Street Food,Sand/Caf/Bake,0,0,0,0,0
Sand/Caf/Bake,Sand/Caf/Bake,warrens cafe,Café,Breakfast,Sand/Caf/Bake,0,0,0,0,0
Sand/Caf/Bake,Sand/Caf/Bake,j ps family favourites,Breakfast,Sandwiches,Sand/Caf/Bake,0,0,0,0,0
Caribbean,Sand/Caf/Bake,kings  and  queens caribbean,Caribbean,Breakfast,Sand/Caf/Bake,0,0,0,0,0
Sand/Caf/Bake,Sand/Caf/Bake,coffee express,Breakfast,Sandwiches,Sand/Caf/Bake,0,0,0,0,0
Sand/Caf/Bake,Sand/Caf/Bake,nes' cafe,Café,Breakfast,Sand/Caf/Bake,0,0,0,0,0
Sand/Caf/Bake,Sand/Caf/Bake,the staiths cafe,Breakfast,Café,Sand/Caf/Bake,0,0,0,0,0
Sand/Caf/Bake,Desserts,bellas cafe  and  milkshakes,Breakfast,Milkshakes,Sand/Caf/Bake,0,0,0,0,0
Sand/Caf/Bake,Sand/Caf/Bake,knockout snacks,Sandwiches,Panini's,Sand/Caf/Bake,0,0,0,0,0
Sand/Caf/Bake,Sand/Caf/Bake,cg's cafe,Breakfast,Café,Sand/Caf/Bake,0,0,0,0,0
Lebanese,Sand/Caf/Bake,green leaf lebanese restaurant,Lebanese,Café,Sand/Caf/Bake,0,0,0,0,0
Sand/Caf/Bake,Burger,tim's baguette  and  grill bar,Baguettes,Burgers,Sand/Caf/Bake,0,0,0,0,0
Sand/Caf/Bake,Sand/Caf/Bake,pompey on a roll,Sandwiches,Café,Sand/Caf/Bake,0,0,0,0,0
Sand/Caf/Bake,Lunch,charelle's,Breakfast,Lunch,Sand/Caf/Bake,0,0,0,0,0
Sand/Caf/Bake,Sand/Caf/Bake,waterfront food bar,Breakfast,Café,Sand/Caf/Bake,0,0,0,0,0
Sand/Caf/Bake,Lunch,bianco e nero pronto,Breakfast,Lunch,Sand/Caf/Bake,0,0,0,0,0
Sand/Caf/Bake,Lunch,stockland cafe,Breakfast,Lunch,Sand/Caf/Bake,0,0,0,0,0
Sand/Caf/Bake,Lunch,log cabin sandwich bar,Breakfast,Lunch,Sand/Caf/Bake,0,0,0,0,0
Sand/Caf/Bake,British,the destination @ ghost bikes,Breakfast,British,Sand/Caf/Bake,0,0,0,0,0
Sand/Caf/Bake,English,wright's bites,Breakfast,English,Sand/Caf/Bake,0,0,0,0,0
Sand/Caf/Bake,Pizza,best roaster grill cafe,Breakfast,Pizza,Sand/Caf/Bake,0,0,0,0,0
Sand/Caf/Bake,Sand/Caf/Bake,cafe indulgence,Sandwiches,Breakfast,Sand/Caf/Bake,0,0,0,0,0
Sand/Caf/Bake,Burger,cafe at the old mill,Breakfast,Burgers,Sand/Caf/Bake,0,0,0,0,0
Sand/Caf/Bake,Sand/Caf/Bake,fusion cafe,Sandwiches,Café,Sand/Caf/Bake,0,0,0,0,0
Sand/Caf/Bake,Sand/Caf/Bake,318 sandwich bar,Sandwiches,Breakfast,Sand/Caf/Bake,0,0,0,0,0
British,Sand/Caf/Bake,energyze kitchen,British,Breakfast,Sand/Caf/Bake,0,0,0,0,0
Sand/Caf/Bake,Sand/Caf/Bake,christines cafe and deliveries,Breakfast,Café,Sand/Caf/Bake,0,0,0,0,0
Sand/Caf/Bake,Lunch,chapel ash cafe,Café,Lunch,Sand/Caf/Bake,0,0,0,0,0
Sand/Caf/Bake,Sand/Caf/Bake,hourglass cafe,Breakfast,Café,Sand/Caf/Bake,0,0,0,0,0
Sand/Caf/Bake,Burger,bambeanos play cafe,Breakfast,Burgers,Sand/Caf/Bake,0,0,0,0,0
English Breakfast,Sand/Caf/Bake,sandwich shuttle,English Breakfast,Sandwiches,Sand/Caf/Bake,0,0,0,0,0
Sand/Caf/Bake,Sand/Caf/Bake,chris's sarneys,Breakfast,Sandwiches,Sand/Caf/Bake,0,0,0,0,0
Sand/Caf/Bake,Lunch,braw snack's,Breakfast,Lunch,Sand/Caf/Bake,0,0,0,0,0
Sand/Caf/Bake,Lunch,frans kitchen,Breakfast,Lunch,Sand/Caf/Bake,0,0,0,0,0
Caribbean,Sand/Caf/Bake,bagel bros,Caribbean,Bagels,Sand/Caf/Bake,0,0,0,0,0
British,Sand/Caf/Bake,da deli's sandwich shop,British,Breakfast,Sand/Caf/Bake,0,0,0,0,0
Sand/Caf/Bake,Desserts,deli passion,Deli,Desserts,Sand/Caf/Bake,0,0,0,0,0
Sand/Caf/Bake,Sand/Caf/Bake,the brunch box,Sandwiches,Breakfast,Sand/Caf/Bake,0,0,0,0,0
Sand/Caf/Bake,British,jenny's restaurant,Breakfast,British,Sand/Caf/Bake,0,0,0,0,0
Sand/Caf/Bake,Lunch,no.1 cob shop,Breakfast,Lunch,Sand/Caf/Bake,0,0,0,0,0
Sand/Caf/Bake,Sand/Caf/Bake,chai latte,Sandwiches,Panini's,Sand/Caf/Bake,0,0,0,0,0
Sand/Caf/Bake,Lunch,perfect cafe  and  shake,Breakfast,Lunch,Sand/Caf/Bake,0,0,0,0,0
English,Sand/Caf/Bake,butties to go,English,Breakfast,Sand/Caf/Bake,0,0,0,0,0
Sand/Caf/Bake,Pizza,cafe artista,Café,Pizza,Sand/Caf/Bake,0,0,0,0,0
Jamaican,Sand/Caf/Bake,juniors cafe,Jamaican,Breakfast,Sand/Caf/Bake,0,0,0,0,0
British,Sand/Caf/Bake,espresso,British,Café,Sand/Caf/Bake,0,0,0,0,0
Sand/Caf/Bake,Sand/Caf/Bake,new york deli,Deli,Breakfast,Sand/Caf/Bake,0,0,0,0,0
Sand/Caf/Bake,Lunch,the sandwich shop,Breakfast,Lunch,Sand/Caf/Bake,0,0,0,0,0
Sand/Caf/Bake,Sand/Caf/Bake,deleos,Breakfast,Deli,Sand/Caf/Bake,0,0,0,0,0
Sand/Caf/Bake,Sand/Caf/Bake,the breakfast diner,Breakfast,Café,Sand/Caf/Bake,0,0,0,0,0
Sand/Caf/Bake,Sand/Caf/Bake,cafe  and  bun shop,Breakfast,Sandwiches,Sand/Caf/Bake,0,0,0,0,0
Mediterranean,Sand/Caf/Bake,lusitano cafe and deli,Mediterranean,Café,Sand/Caf/Bake,0,0,0,0,0
Sand/Caf/Bake,English,kylie's cafe @ the bull's head,Breakfast,English,Sand/Caf/Bake,0,0,0,0,0
Sand/Caf/Bake,Lunch,the snack bar,Breakfast,Lunch,Sand/Caf/Bake,0,0,0,0,0
Sand/Caf/Bake,Desserts,two sisters,Breakfast,Desserts,Sand/Caf/Bake,0,0,0,0,0
British,Sand/Caf/Bake,the old nags head,British,Breakfast,Sand/Caf/Bake,0,0,0,0,0
Sand/Caf/Bake,Sand/Caf/Bake,hickmans cafe,Café,Breakfast,Sand/Caf/Bake,0,0,0,0,0
Sand/Caf/Bake,Desserts,rowantree cafe,Breakfast,Desserts,Sand/Caf/Bake,0,0,0,0,0
Sand/Caf/Bake,Sand/Caf/Bake,coco beanz,Café,Deli,Sand/Caf/Bake,0,0,0,0,0
Lunch,Sand/Caf/Bake,number 85 coffee and kitchen,Lunch,Café,Sand/Caf/Bake,0,0,0,0,0
Sand/Caf/Bake,Sand/Caf/Bake,baileys coffee shop,Café,Deli,Sand/Caf/Bake,0,0,0,0,0
Sand/Caf/Bake,Sand/Caf/Bake,londis hewlett road,Breakfast,Sandwiches,Sand/Caf/Bake,0,0,0,0,0
Sand/Caf/Bake,Sand/Caf/Bake,delipod hub,Deli,Wraps,Sand/Caf/Bake,0,0,0,0,0
Sand/Caf/Bake,Sand/Caf/Bake,riverside cafe,Breakfast,Café,Sand/Caf/Bake,0,0,0,0,0
Sand/Caf/Bake,Burger,yummy's,Breakfast,Burgers,Sand/Caf/Bake,0,0,0,0,0
Sand/Caf/Bake,Lunch,heritage,Café,Lunch,Sand/Caf/Bake,0,0,0,0,0
Sand/Caf/Bake,Vegetarian,greasy pig eaterie,Breakfast,Vegetarian,Sand/Caf/Bake,0,0,0,0,0
Sand/Caf/Bake,Sand/Caf/Bake,cafe fumee,Café,Breakfast,Sand/Caf/Bake,0,0,0,0,0
Sand/Caf/Bake,Sand/Caf/Bake,kat's cabin,Breakfast,Café,Sand/Caf/Bake,0,0,0,0,0
Sand/Caf/Bake,Sand/Caf/Bake,cj's deli,Breakfast,Deli,Sand/Caf/Bake,0,0,0,0,0
Sand/Caf/Bake,Burger,ela 'n sisters cafe,Breakfast,Burgers,Sand/Caf/Bake,0,0,0,0,0
European,Sand/Caf/Bake,cafe collections,European,Breakfast,Sand/Caf/Bake,0,0,0,0,0
Sand/Caf/Bake,Sand/Caf/Bake,philpotts lowry house,Sandwiches,Salads,Sand/Caf/Bake,0,0,0,0,0
Sand/Caf/Bake,Sand/Caf/Bake,need for feed cafe,Breakfast,Sandwiches,Sand/Caf/Bake,0,0,0,0,0
African,Sand/Caf/Bake,kingdom cafe,African,Sandwiches,Sand/Caf/Bake,0,0,0,0,0
Grill,Sand/Caf/Bake,mamamia food,Grill,Breakfast,Sand/Caf/Bake,0,0,0,0,0
Sand/Caf/Bake,Lunch,hansons the bakers,Breakfast,Lunch,Sand/Caf/Bake,0,0,0,0,0
Sand/Caf/Bake,Lunch,monkhill sandwiches,Breakfast,Lunch,Sand/Caf/Bake,0,0,0,0,0
Sand/Caf/Bake,Sand/Caf/Bake,katsouris deli,Café,Breakfast,Sand/Caf/Bake,0,0,0,0,0
Sand/Caf/Bake,Healthy,eat well kitchen,Café,Healthy,Sand/Caf/Bake,0,0,0,0,0
Sand/Caf/Bake,Sand/Caf/Bake,bijou - sandwich and coffee bar,Breakfast,Café,Sand/Caf/Bake,0,0,0,0,0
Sand/Caf/Bake,Sand/Caf/Bake,coffee london,Breakfast,Panini's,Sand/Caf/Bake,0,0,0,0,0
Asian,Sand/Caf/Bake,cafe bleus,Asian,Breakfast,Sand/Caf/Bake,0,0,0,0,0
Sand/Caf/Bake,British,kathy's cafe,Breakfast,British,Sand/Caf/Bake,0,0,0,0,0
Sand/Caf/Bake,Sand/Caf/Bake,thunder road kitchen,Breakfast,Sandwiches,Sand/Caf/Bake,0,0,0,0,0
Sand/Caf/Bake,Desserts,bagel  and  dough,Bagels,Desserts,Sand/Caf/Bake,0,0,0,0,0
Sand/Caf/Bake,Sand/Caf/Bake,black  and  whit3,Breakfast,Café,Sand/Caf/Bake,0,0,0,0,0
Sand/Caf/Bake,Dinner,dome kitchen,Breakfast,Dinner,Sand/Caf/Bake,0,0,0,0,0
Sand/Caf/Bake,Chicken,nour bbq hut,Breakfast,Chicken,Sand/Caf/Bake,0,0,0,0,0
Lebanese,Sand/Caf/Bake,lebaneat wrap house,Lebanese,Wraps,Sand/Caf/Bake,0,0,0,0,0
Sand/Caf/Bake,Sand/Caf/Bake,caffe lavena,Breakfast,Sandwiches,Sand/Caf/Bake,0,0,0,0,0
Sand/Caf/Bake,Desserts,bites  and  delights,Breakfast,Desserts,Sand/Caf/Bake,0,0,0,0,0
Sand/Caf/Bake,Pizza,no. 1 coffee break,Breakfast,Italian,Sand/Caf/Bake,0,0,0,0,0
Mediterranean,Sand/Caf/Bake,cafe carthage,Mediterranean,Café,Sand/Caf/Bake,0,0,0,0,0
Asian,Sand/Caf/Bake,cafe presko,Asian,Breakfast,Sand/Caf/Bake,0,0,0,0,0
Sand/Caf/Bake,Sand/Caf/Bake,l and t's sandwich bar  and  outside catering services,Breakfast,Sandwiches,Sand/Caf/Bake,0,0,0,0,0
Sand/Caf/Bake,Healthy,beehive,Café,Healthy,Sand/Caf/Bake,0,0,0,0,0
Sand/Caf/Bake,Sand/Caf/Bake,fox's sandwich deli,Sandwiches,Breakfast,Sand/Caf/Bake,0,0,0,0,0
Sand/Caf/Bake,Desserts,stanleys,Café,Desserts,Sand/Caf/Bake,0,0,0,0,0
Sand/Caf/Bake,Lunch,louies cafe,Breakfast,Lunch,Sand/Caf/Bake,0,0,0,0,0
Sand/Caf/Bake,Desserts,newlands cafe,Breakfast,Ice Cream,Sand/Caf/Bake,0,0,0,0,0
Sand/Caf/Bake,Burger,joey's,Breakfast,Burgers,Sand/Caf/Bake,0,0,0,0,0
Sand/Caf/Bake,Healthy,to a tea blackfriars,Salads,Healthy,Sand/Caf/Bake,0,0,0,0,0
Mexican,Sand/Caf/Bake,i eat,Mexican,Wraps,Sand/Caf/Bake,0,0,0,0,0
Sand/Caf/Bake,Desserts,maw maw's cupcakes,Breakfast,Desserts,Sand/Caf/Bake,0,0,0,0,0
Sand/Caf/Bake,Burger,shan's dinemo,Wraps,Burgers,Sand/Caf/Bake,0,0,0,0,0
Sand/Caf/Bake,Healthy,jango kitchen,Salads,Healthy,Sand/Caf/Bake,0,0,0,0,0
Sand/Caf/Bake,Sand/Caf/Bake,bagel express,Bagels,Breakfast,Sand/Caf/Bake,0,0,0,0,0
Sand/Caf/Bake,Sand/Caf/Bake,martinos sandwich express,Sandwiches,Breakfast,Sand/Caf/Bake,0,0,0,0,0
Sand/Caf/Bake,Desserts,devine delights,Deli,Desserts,Sand/Caf/Bake,0,0,0,0,0
Sand/Caf/Bake,Mediterranean,green aroma,Salads,Mediterranean,Sand/Caf/Bake,0,0,0,0,0
Sand/Caf/Bake,Burger,side corner,Breakfast,Burgers,Sand/Caf/Bake,0,0,0,0,0
Sand/Caf/Bake,Sand/Caf/Bake,homemade  and  handmade,Breakfast,Café,Sand/Caf/Bake,0,0,0,0,0
Sand/Caf/Bake,Dinner,kc's,Breakfast,Dinner,Sand/Caf/Bake,0,0,0,0,0
Sand/Caf/Bake,Sand/Caf/Bake,cafe express deli,Breakfast,Sandwiches,Sand/Caf/Bake,0,0,0,0,0
Sand/Caf/Bake,Desserts,uncle b's kitchen,Breakfast,Desserts,Sand/Caf/Bake,0,0,0,0,0
Sand/Caf/Bake,Sand/Caf/Bake,the food company,Breakfast,Sandwiches,Sand/Caf/Bake,0,0,0,0,0
Sand/Caf/Bake,Burger,la cafe,Breakfast,Burgers,Sand/Caf/Bake,0,0,0,0,0
Sand/Caf/Bake,Sand/Caf/Bake,best sandwich shop,Sandwiches,Breakfast,Sand/Caf/Bake,0,0,0,0,0
Sand/Caf/Bake,Sand/Caf/Bake,the taypot,Breakfast,Café,Sand/Caf/Bake,0,0,0,0,0
Sand/Caf/Bake,Burger,diago's,Breakfast,Gourmet Burgers,Sand/Caf/Bake,0,0,0,0,0
Sand/Caf/Bake,Lunch,coffee kup,Café,Lunch,Sand/Caf/Bake,0,0,0,0,0
Sand/Caf/Bake,Lunch,mapa cafe,Sandwiches,Lunch,Sand/Caf/Bake,0,0,0,0,0
Sand/Caf/Bake,Desserts,the chorlton eatery,Breakfast,Desserts,Sand/Caf/Bake,0,0,0,0,0
English,Sand/Caf/Bake,chelly's deli,English,Breakfast,Sand/Caf/Bake,0,0,0,0,0
Sand/Caf/Bake,Lunch,petit cafe food,Breakfast,Lunch,Sand/Caf/Bake,0,0,0,0,0
Sand/Caf/Bake,Sand/Caf/Bake,the cosy cuppa,Breakfast,Café,Sand/Caf/Bake,0,0,0,0,0
Sand/Caf/Bake,Sand/Caf/Bake,adam's cafe,Breakfast,Sandwiches,Sand/Caf/Bake,0,0,0,0,0
Sand/Caf/Bake,Sand/Caf/Bake,tea house - lark lane,Sandwiches,Breakfast,Sand/Caf/Bake,0,0,0,0,0
Sand/Caf/Bake,Desserts,crookston cafe and desserts,Café,Desserts,Sand/Caf/Bake,0,0,0,0,0
Sand/Caf/Bake,British,hungry hogs cafe,Café,British,Sand/Caf/Bake,0,0,0,0,0
English,Sand/Caf/Bake,twisted cafe,English,Breakfast,Sand/Caf/Bake,0,0,0,0,0
Sand/Caf/Bake,English,the terrace,Breakfast,English,Sand/Caf/Bake,0,0,0,0,0
Sand/Caf/Bake,Lunch,cafe de provence,Breakfast,Lunch,Sand/Caf/Bake,0,0,0,0,0
Sand/Caf/Bake,Sand/Caf/Bake,kent cafe,Café,Breakfast,Sand/Caf/Bake,0,0,0,0,0
Sand/Caf/Bake,Danish,lunchbox,Deli,Danish,Sand/Caf/Bake,0,0,0,0,0
Healthy,Sand/Caf/Bake,mamma dels cafe,Healthy,Breakfast,Sand/Caf/Bake,0,0,0,0,0
Sand/Caf/Bake,Caribbean,wait-a-bit carribean takeaway,Breakfast,Caribbean,Sand/Caf/Bake,0,0,0,0,0
Sand/Caf/Bake,Sand/Caf/Bake,little deli cafe,Breakfast,Sandwiches,Sand/Caf/Bake,0,0,0,0,0
Colombian,Sand/Caf/Bake,el botellon latino restaurant,Colombian,Breakfast,Sand/Caf/Bake,0,0,0,0,0
Sushi,Sand/Caf/Bake,lords of poke,Sushi,Salads,Sand/Caf/Bake,0,0,0,0,0
Gourmet Burgers ,Sand/Caf/Bake,mouchak street,Gourmet Burgers ,Breakfast,Sand/Caf/Bake,0,0,0,0,0
Sand/Caf/Bake,Sand/Caf/Bake,piccolo's coffee  and  sandwich bar,Café,Breakfast,Sand/Caf/Bake,0,0,0,0,0
Sand/Caf/Bake,Sand/Caf/Bake,victoria corner cafe,Breakfast,Café,Sand/Caf/Bake,0,0,0,0,0
Sand/Caf/Bake,Sand/Caf/Bake,jolly's coffee  and  sandwich bar,Café,Breakfast,Sand/Caf/Bake,0,0,0,0,0
Sand/Caf/Bake,Sand/Caf/Bake,tiffin @ daytoday,Sandwiches,Café,Sand/Caf/Bake,0,0,0,0,0
Sand/Caf/Bake,Korean,poke express,Salads,Korean,Sand/Caf/Bake,0,0,0,0,0
Sand/Caf/Bake,Sand/Caf/Bake,old hill cafe,Café,Sandwiches,Sand/Caf/Bake,0,0,0,0,0
Sand/Caf/Bake,British,maxwells,Café,British,Sand/Caf/Bake,0,0,0,0,0
Sand/Caf/Bake,Sand/Caf/Bake,crispy's sandwiches,Sandwiches,Salads,Sand/Caf/Bake,0,0,0,0,0
Sand/Caf/Bake,Sand/Caf/Bake,maggie's tea room,Panini's,Breakfast,Sand/Caf/Bake,0,0,0,0,0
Sand/Caf/Bake,Sand/Caf/Bake,the old rolling pin,Sandwiches,Panini's,Sand/Caf/Bake,0,0,0,0,0
Sand/Caf/Bake,Grill,star express,Breakfast,Grill,Sand/Caf/Bake,0,0,0,0,0
Sand/Caf/Bake,Grill,30 manor place,Breakfast,Grill,Sand/Caf/Bake,0,0,0,0,0
Sand/Caf/Bake,English Breakfast,upfront food express,Sandwiches,English Breakfast,Sand/Caf/Bake,0,0,0,0,0
Vegan,Sand/Caf/Bake,joro vegan eatery,Vegan,Salads,Sand/Caf/Bake,0,0,0,0,0
Vegan,Sand/Caf/Bake,mog's,Vegan,Café,Sand/Caf/Bake,0,0,0,0,0
Sand/Caf/Bake,Burger,g-force cafe,Café,Burgers,Sand/Caf/Bake,0,0,0,0,0
Sand/Caf/Bake,Desserts,supreme munch,Breakfast,Desserts,Sand/Caf/Bake,0,0,0,0,0
Greek,Sand/Caf/Bake,yefsis,Greek,Deli,Sand/Caf/Bake,0,0,0,0,0
Healthy,Sand/Caf/Bake,avocado kitchen,Healthy,Wraps,Sand/Caf/Bake,0,0,0,0,0
Sand/Caf/Bake,Sand/Caf/Bake,cafe 1b,Breakfast,Sandwiches,Sand/Caf/Bake,0,0,0,0,0
Sand/Caf/Bake,Burger,fitzy's cafe,Breakfast,Burgers,Sand/Caf/Bake,0,0,0,0,0
Sand/Caf/Bake,Sand/Caf/Bake,lunch in out,Sandwiches,Baguettes,Sand/Caf/Bake,0,0,0,0,0
English,Sand/Caf/Bake,texas tony's cafe,English,Breakfast,Sand/Caf/Bake,0,0,0,0,0
Caribbean,Sand/Caf/Bake,mully's kitchen,Caribbean,Breakfast,Sand/Caf/Bake,0,0,0,0,0
Sand/Caf/Bake,Sand/Caf/Bake,ben's kitchen,Breakfast,Café,Sand/Caf/Bake,0,0,0,0,0
Sand/Caf/Bake,Sand/Caf/Bake,tongue  and  brisket,Sandwiches,Deli,Sand/Caf/Bake,0,0,0,0,0
Sand/Caf/Bake,Sand/Caf/Bake,foxbar cafe,Breakfast,Café,Sand/Caf/Bake,0,0,0,0,0
Sand/Caf/Bake,Lunch,cafe white rose,Breakfast,Lunch,Sand/Caf/Bake,0,0,0,0,0
Sand/Caf/Bake,Sand/Caf/Bake,express sandwiches,Sandwiches,Breakfast,Sand/Caf/Bake,0,0,0,0,0
Sand/Caf/Bake,Burger,jon smith subs,Sandwiches,American,Sand/Caf/Bake,0,0,0,0,0
Sand/Caf/Bake,Kebab,eastbrook cafe  and  restaurant,Breakfast,Kebab,Sand/Caf/Bake,0,0,0,0,0
Sand/Caf/Bake,Chicken,cafe aromatico,Breakfast,Chicken,Sand/Caf/Bake,0,0,0,0,0
Sand/Caf/Bake,Desserts,la brioche,Breakfast,Desserts,Sand/Caf/Bake,0,0,0,0,0
Sand/Caf/Bake,Lunch,rowans cafe bar,Breakfast,Lunch,Sand/Caf/Bake,0,0,0,0,0
Sand/Caf/Bake,Sand/Caf/Bake,the bridge cafe,Breakfast,Café,Sand/Caf/Bake,0,0,0,0,0
Sand/Caf/Bake,Sand/Caf/Bake,bagel master,Bagels,Breakfast,Sand/Caf/Bake,0,0,0,0,0
English,Sand/Caf/Bake,new deli,English,Sandwiches,Sand/Caf/Bake,0,0,0,0,0
Sand/Caf/Bake,English,wrapport,Wraps,English,Sand/Caf/Bake,0,0,0,0,0
Sand/Caf/Bake,Sand/Caf/Bake,time to eat,Breakfast,Sandwiches,Sand/Caf/Bake,0,0,0,0,0
Sand/Caf/Bake,Sand/Caf/Bake,panini's,Sandwiches,Breakfast,Sand/Caf/Bake,0,0,0,0,0
Sand/Caf/Bake,Pizza,azas kitchen,Breakfast,Pizza,Sand/Caf/Bake,0,0,0,0,0
Sand/Caf/Bake,Grill,darceys grilled cheese sandwiches,Sandwiches,Grill,Sand/Caf/Bake,0,0,0,0,0
Sand/Caf/Bake,Burger,cafe plaka,Café,Burgers,Sand/Caf/Bake,0,0,0,0,0
Mexican,Sand/Caf/Bake,el paso - cafe  and  burritos,Mexican,Breakfast,Sand/Caf/Bake,0,0,0,0,0
Sand/Caf/Bake,Sand/Caf/Bake,crown street baguettes,Sandwiches,Breakfast,Sand/Caf/Bake,0,0,0,0,0
Sand/Caf/Bake,Mexican,appebite,Breakfast,Mexican,Sand/Caf/Bake,0,0,0,0,0
Sand/Caf/Bake,English,boy's cafe - breakfast's,Café,English,Sand/Caf/Bake,0,0,0,0,0
Sand/Caf/Bake,Desserts,coffee affair,Breakfast,Desserts,Sand/Caf/Bake,0,0,0,0,0
Sand/Caf/Bake,Sand/Caf/Bake,the buttie shop,Café,Sandwiches,Sand/Caf/Bake,0,0,0,0,0
British,Sand/Caf/Bake,jeff's cafe,British,Sandwiches,Sand/Caf/Bake,0,0,0,0,0
Sand/Caf/Bake,Vegan,double impresso,Breakfast,Vegan,Sand/Caf/Bake,0,0,0,0,0
Sand/Caf/Bake,Sand/Caf/Bake,maya's craft cafe,Breakfast,Deli,Sand/Caf/Bake,0,0,0,0,0
Sand/Caf/Bake,Burger,efes cafe bistro,Breakfast,Burgers,Sand/Caf/Bake,0,0,0,0,0
Sand/Caf/Bake,Sand/Caf/Bake,hartleyburn deli,Deli,Sandwiches,Sand/Caf/Bake,0,0,0,0,0
Sand/Caf/Bake,Burger,nat  and  lucys diner,Breakfast,Burgers,Sand/Caf/Bake,0,0,0,0,0
Sand/Caf/Bake,Lunch,oi deli,Breakfast,Lunch,Sand/Caf/Bake,0,0,0,0,0
Sand/Caf/Bake,Sand/Caf/Bake,fresh  and  tasty,Sandwiches,Breakfast,Sand/Caf/Bake,0,0,0,0,0
English,Sand/Caf/Bake,the arc cafe,English,Breakfast,Sand/Caf/Bake,0,0,0,0,0
Sand/Caf/Bake,Fast Food,nile cafe,Café,Fast Food,Sand/Caf/Bake,0,0,0,0,0
Sand/Caf/Bake,Lunch,cobs  and  robbers,Breakfast,Lunch,Sand/Caf/Bake,0,0,0,0,0
Sand/Caf/Bake,Gourmet,king cafe,Breakfast,Gourmet,Sand/Caf/Bake,0,0,0,0,0
Sand/Caf/Bake,Sand/Caf/Bake,jq coffee cafe,Breakfast,Café,Sand/Caf/Bake,0,0,0,0,0
Sand/Caf/Bake,British,the garden cafe,Breakfast,British,Sand/Caf/Bake,0,0,0,0,0
Sand/Caf/Bake,British,city cafe,Breakfast,British,Sand/Caf/Bake,0,0,0,0,0
Healthy,Sand/Caf/Bake,zaynies,Healthy,Salads,Sand/Caf/Bake,0,0,0,0,0
Sand/Caf/Bake,Sand/Caf/Bake,ben's cafe,Café,Breakfast,Sand/Caf/Bake,0,0,0,0,0
Sand/Caf/Bake,Burger,hungry eyes,Breakfast,Burgers,Sand/Caf/Bake,0,0,0,0,0
Sand/Caf/Bake,Sand/Caf/Bake,nutrition kitchen,Salads,Sandwiches,Sand/Caf/Bake,0,0,0,0,0
Sand/Caf/Bake,Sand/Caf/Bake,philpotts great charles street,Sandwiches,Salads,Sand/Caf/Bake,0,0,0,0,0
British,Sand/Caf/Bake,snax in the city,British,Sandwiches,Sand/Caf/Bake,0,0,0,0,0
Sand/Caf/Bake,Sand/Caf/Bake,tea junction cafe,Breakfast,Café,Sand/Caf/Bake,0,0,0,0,0
Sand/Caf/Bake,Sand/Caf/Bake,dentons deli,Breakfast,Sandwiches,Sand/Caf/Bake,0,0,0,0,0
Sand/Caf/Bake,Burger,cafe 37,Breakfast,Burgers,Sand/Caf/Bake,0,0,0,0,0
Sand/Caf/Bake,English,stop 'n' go snack bar,Breakfast,English,Sand/Caf/Bake,0,0,0,0,0
Sand/Caf/Bake,Burger,brunch cafe  and  grill london,Breakfast,Burgers,Sand/Caf/Bake,0,0,0,0,0
Sand/Caf/Bake,Pizza,katies cafe,Breakfast,Pizza,Sand/Caf/Bake,0,0,0,0,0
Sand/Caf/Bake,Moroccan,aqua deli,Sandwiches,Moroccan,Sand/Caf/Bake,0,0,0,0,0
Sand/Caf/Bake,Sand/Caf/Bake,philpotts glasgow,Sandwiches,Salads,Sand/Caf/Bake,0,0,0,0,0
Lunch,Sand/Caf/Bake,coffee me,Lunch,Panini's,Sand/Caf/Bake,0,0,0,0,0
Sand/Caf/Bake,Sand/Caf/Bake,chrissy's deli cafe,Café,Breakfast,Sand/Caf/Bake,0,0,0,0,0
Sand/Caf/Bake,Dinner,cafe 88,Breakfast,Dinner,Sand/Caf/Bake,0,0,0,0,0
British,Sand/Caf/Bake,the old tavern - breakfast and sunday carvery,British,Breakfast,Sand/Caf/Bake,0,0,0,0,0
Sand/Caf/Bake,Desserts,papagayo cafe,Café,Desserts,Sand/Caf/Bake,0,0,0,0,0
Sand/Caf/Bake,Burritos,cocoa latte,Panini's,Burritos,Sand/Caf/Bake,0,0,0,0,0
Sand/Caf/Bake,British,caffe creme,Breakfast,British,Sand/Caf/Bake,0,0,0,0,0
Sand/Caf/Bake,Burger,anchor brook cafe,Breakfast,Burgers,Sand/Caf/Bake,0,0,0,0,0
British,Sand/Caf/Bake,chuckery cafe,British,Breakfast,Sand/Caf/Bake,0,0,0,0,0
Sand/Caf/Bake,Desserts,old station cafe,Breakfast,Desserts,Sand/Caf/Bake,0,0,0,0,0
Sand/Caf/Bake,Dinner,vox cafe,Breakfast,Dinner,Sand/Caf/Bake,0,0,0,0,0
Sand/Caf/Bake,Sand/Caf/Bake,riverview cafe,Café,Deli,Sand/Caf/Bake,0,0,0,0,0
Sand/Caf/Bake,Sand/Caf/Bake,ella's sandwich bar and cafe,Sandwiches,Breakfast,Sand/Caf/Bake,0,0,0,0,0
Sand/Caf/Bake,Sand/Caf/Bake,robinsons bakery - west brom,Breakfast,Sandwiches,Sand/Caf/Bake,0,0,0,0,0
Sand/Caf/Bake,Burger,artizan cafe,Breakfast,Burgers,Sand/Caf/Bake,0,0,0,0,0
Sand/Caf/Bake,Burger,the naughty egg,Breakfast,Burgers,Sand/Caf/Bake,0,0,0,0,0
Sand/Caf/Bake,Dinner,the twisted willow tea room,Breakfast,Dinner,Sand/Caf/Bake,0,0,0,0,0
Sand/Caf/Bake,Sand/Caf/Bake,jaybee's cafe  and  coffee shop,Café,Breakfast,Sand/Caf/Bake,0,0,0,0,0
Sand/Caf/Bake,Desserts,signature sandwiches and desserts,Breakfast,Desserts,Sand/Caf/Bake,0,0,0,0,0
Caribbean,Sand/Caf/Bake,shakti's caribbean cuisine,Caribbean,Breakfast,Sand/Caf/Bake,0,0,0,0,0
Sand/Caf/Bake,Sand/Caf/Bake,blueberry's,Breakfast,Sandwiches,Sand/Caf/Bake,0,0,0,0,0
Sand/Caf/Bake,Sand/Caf/Bake,ebony's deli,Deli,Sandwiches,Sand/Caf/Bake,0,0,0,0,0
English,Sand/Caf/Bake,simply the best,English,Breakfast,Sand/Caf/Bake,0,0,0,0,0
Sand/Caf/Bake,Caribbean,qwick bites,Breakfast,Caribbean,Sand/Caf/Bake,0,0,0,0,0
Healthy,Sand/Caf/Bake,cafe vanilla,Healthy,Breakfast,Sand/Caf/Bake,0,0,0,0,0
Sand/Caf/Bake,Sand/Caf/Bake,chapel bakery,Breakfast,Sandwiches,Sand/Caf/Bake,0,0,0,0,0
Sand/Caf/Bake,Desserts,wake and cate,Café,Cakes,Sand/Caf/Bake,0,0,0,0,0
Sand/Caf/Bake,Mexican,wrapaway,Wraps,Mexican,Sand/Caf/Bake,0,0,0,0,0
Sand/Caf/Bake,Sand/Caf/Bake,the big eat limited,Sandwiches,Breakfast,Sand/Caf/Bake,0,0,0,0,0
Sand/Caf/Bake,Desserts,avocado x coffee,Breakfast,Cakes,Sand/Caf/Bake,0,0,0,0,0
Sand/Caf/Bake,Smoothies,ginger and mint,Sandwiches,Smoothies,Sand/Caf/Bake,0,0,0,0,0
Sand/Caf/Bake,French,champagne  and  fromage,Deli,French,Sand/Caf/Bake,0,0,0,0,0
Sand/Caf/Bake,Lunch,rosta cafe,Breakfast,Lunch,Sand/Caf/Bake,0,0,0,0,0
Sand/Caf/Bake,Sand/Caf/Bake,vera bushmans,Sandwiches,Breakfast,Sand/Caf/Bake,0,0,0,0,0
Caribbean,Sand/Caf/Bake,caribbean wrap 2,Caribbean,Wraps,Sand/Caf/Bake,0,0,0,0,0
Sand/Caf/Bake,Desserts,bagel stop hayes,Bagels,Desserts,Sand/Caf/Bake,0,0,0,0,0
Sand/Caf/Bake,Sand/Caf/Bake,fagans cafe,Breakfast,Sandwiches,Sand/Caf/Bake,0,0,0,0,0
Sand/Caf/Bake,British,gg's deli,Deli,British,Sand/Caf/Bake,0,0,0,0,0
Sand/Caf/Bake,British,frank  and  luna's,Breakfast,British,Sand/Caf/Bake,0,0,0,0,0
Sand/Caf/Bake,Sand/Caf/Bake,hamlets kitchen,Breakfast,Sandwiches,Sand/Caf/Bake,0,0,0,0,0
Sand/Caf/Bake,Burger,rose's cafe,Breakfast,Burgers,Sand/Caf/Bake,0,0,0,0,0
Sand/Caf/Bake,Burger,the brunch club,Breakfast,American,Sand/Caf/Bake,0,0,0,0,0
Sand/Caf/Bake,Sand/Caf/Bake,the parc deli,Breakfast,Sandwiches,Sand/Caf/Bake,0,0,0,0,0
Sand/Caf/Bake,Dinner,kooster's retro,Breakfast,Dinner,Sand/Caf/Bake,0,0,0,0,0
Sand/Caf/Bake,Sand/Caf/Bake,philpotts bennetts hill,Sandwiches,Salads,Sand/Caf/Bake,0,0,0,0,0
Sand/Caf/Bake,Lunch,seymour store  and  takeaway,Breakfast,Lunch,Sand/Caf/Bake,0,0,0,0,0
Sand/Caf/Bake,Sand/Caf/Bake,best cafe,Breakfast,Sandwiches,Sand/Caf/Bake,0,0,0,0,0
Greek,Sand/Caf/Bake,"tavassoli's cafe, bar  and  grill",Greek,Breakfast,Sand/Caf/Bake,0,0,0,0,0
Sand/Caf/Bake,British,truly scrumptious cafe,Sandwiches,British,Sand/Caf/Bake,0,0,0,0,0
Sand/Caf/Bake,English,select cafe,Breakfast,English,Sand/Caf/Bake,0,0,0,0,0
Mediterranean,Sand/Caf/Bake,lolo kitchen,Mediterranean,Breakfast,Sand/Caf/Bake,0,0,0,0,0
Sand/Caf/Bake,Sand/Caf/Bake,old jc's cafe and deli,Breakfast,Deli,Sand/Caf/Bake,0,0,0,0,0
Sand/Caf/Bake,Sand/Caf/Bake,little ajs cafe,Breakfast,Café,Sand/Caf/Bake,0,0,0,0,0
Sand/Caf/Bake,Sand/Caf/Bake,scoff takeaway,Breakfast,Deli,Sand/Caf/Bake,0,0,0,0,0
Sand/Caf/Bake,Sand/Caf/Bake,jims street food,Breakfast,Café,Sand/Caf/Bake,0,0,0,0,0
Sand/Caf/Bake,Burger,daizy's kitchen,Breakfast,Burgers,Sand/Caf/Bake,0,0,0,0,0
Sand/Caf/Bake,Sand/Caf/Bake,philpotts bridgewater,Sandwiches,Salads,Sand/Caf/Bake,0,0,0,0,0
Sand/Caf/Bake,Sand/Caf/Bake,cafe delight,Breakfast,Sandwiches,Sand/Caf/Bake,0,0,0,0,0
Sand/Caf/Bake,Chicken,yuwie's good food diner,Breakfast,Chicken,Sand/Caf/Bake,0,0,0,0,0
Sand/Caf/Bake,Sand/Caf/Bake,the bagelry,Bagels,Sandwiches,Sand/Caf/Bake,0,0,0,0,0
Sand/Caf/Bake,English,nom,Café,English,Sand/Caf/Bake,0,0,0,0,0
Sand/Caf/Bake,Sand/Caf/Bake,bread cafe,Breakfast,Café,Sand/Caf/Bake,0,0,0,0,0
Sand/Caf/Bake,Sand/Caf/Bake,the cottage shop,Sandwiches,Breakfast,Sand/Caf/Bake,0,0,0,0,0
Sand/Caf/Bake,Sand/Caf/Bake,deli fusion,Sandwiches,Panini's,Sand/Caf/Bake,0,0,0,0,0
Sand/Caf/Bake,Burger,b's batches,Breakfast,Burgers,Sand/Caf/Bake,0,0,0,0,0
Sand/Caf/Bake,Burger,max cafe,Breakfast,Burgers,Sand/Caf/Bake,0,0,0,0,0
Lunch,Sand/Caf/Bake,spudz n stuff,Lunch,Breakfast,Sand/Caf/Bake,0,0,0,0,0
Thai,Sand/Caf/Bake,koibito,Thai,Breakfast,Sand/Caf/Bake,0,0,0,0,0
Sand/Caf/Bake,British,eco truck cafe,Breakfast,British,Sand/Caf/Bake,0,0,0,0,0
Sand/Caf/Bake,English Breakfast,penny farthing coffee house,Sandwiches,English Breakfast,Sand/Caf/Bake,0,0,0,0,0
Sand/Caf/Bake,Sand/Caf/Bake,wright bite,Café,Breakfast,Sand/Caf/Bake,0,0,0,0,0
Sand/Caf/Bake,British,the copper kettle cafe,Breakfast,British,Sand/Caf/Bake,0,0,0,0,0
Sand/Caf/Bake,Halal,ross's lunch,Sandwiches,Halal,Sand/Caf/Bake,0,0,0,0,0
Sand/Caf/Bake,Sand/Caf/Bake,goose gate cafe,Café,Breakfast,Sand/Caf/Bake,0,0,0,0,0
Sand/Caf/Bake,Mediterranean,md coffee,Café,Mediterranean,Sand/Caf/Bake,0,0,0,0,0
Sand/Caf/Bake,Sand/Caf/Bake,feathers cafe,Café,Breakfast,Sand/Caf/Bake,0,0,0,0,0
Sand/Caf/Bake,Sand/Caf/Bake,beryl's 3,Sandwiches,Breakfast,Sand/Caf/Bake,0,0,0,0,0
Gourmet,Sand/Caf/Bake,52 rose lane bistro,Gourmet,Café,Sand/Caf/Bake,0,0,0,0,0
Sand/Caf/Bake,Sand/Caf/Bake,andie's,Breakfast,Sandwiches,Sand/Caf/Bake,0,0,0,0,0
Sand/Caf/Bake,Burger,butter me up,Breakfast,Burgers,Sand/Caf/Bake,0,0,0,0,0
Sand/Caf/Bake,Sand/Caf/Bake,riverside diner,Breakfast,Sandwiches,Sand/Caf/Bake,0,0,0,0,0
Sand/Caf/Bake,British,eggham on toast,Breakfast,British,Sand/Caf/Bake,0,0,0,0,0
Sand/Caf/Bake,Brunch,cj's cafe,Café,Brunch,Sand/Caf/Bake,0,0,0,0,0
Sand/Caf/Bake,Burger,fatty owls,Sandwiches,American,Sand/Caf/Bake,0,0,0,0,0
Sand/Caf/Bake,Burger,the gorge,Breakfast,Burgers,Sand/Caf/Bake,0,0,0,0,0
Sand/Caf/Bake,Sand/Caf/Bake,bon appetite,Breakfast,Sandwiches,Sand/Caf/Bake,0,0,0,0,0
Sand/Caf/Bake,Burger,potbelly,Breakfast,Burgers,Sand/Caf/Bake,0,0,0,0,0
Sand/Caf/Bake,British,benhue,Breakfast,British,Sand/Caf/Bake,0,0,0,0,0
Sand/Caf/Bake,Sand/Caf/Bake,philpotts nottingham,Sandwiches,Salads,Sand/Caf/Bake,0,0,0,0,0
Sand/Caf/Bake,British,baguette me not @ the longford engine,Breakfast,British,Sand/Caf/Bake,0,0,0,0,0
Sand/Caf/Bake,Sand/Caf/Bake,hungry hobbit,Breakfast,Café,Sand/Caf/Bake,0,0,0,0,0
Sand/Caf/Bake,Lunch,corner coffee shop,Breakfast,Lunch,Sand/Caf/Bake,0,0,0,0,0
Sand/Caf/Bake,Sand/Caf/Bake,newton deli,Breakfast,Sandwiches,Sand/Caf/Bake,0,0,0,0,0
Sand/Caf/Bake,Sand/Caf/Bake,cc's bait shop,Deli,Sandwiches,Sand/Caf/Bake,0,0,0,0,0
Sushi,Sand/Caf/Bake,poke and co,Sushi,Salads,Sand/Caf/Bake,0,0,0,0,0
Sand/Caf/Bake,Sand/Caf/Bake,cafe coco,Breakfast,Panini's,Sand/Caf/Bake,0,0,0,0,0
Sand/Caf/Bake,Sand/Caf/Bake,simply sandwich bar,Sandwiches,Breakfast,Sand/Caf/Bake,0,0,0,0,0
Sand/Caf/Bake,Burger,maggie mays,Breakfast,Burgers,Sand/Caf/Bake,0,0,0,0,0
Sand/Caf/Bake,Burger,barony bistro,Breakfast,Burgers,Sand/Caf/Bake,0,0,0,0,0
Sand/Caf/Bake,English,cafe 90,Breakfast,English,Sand/Caf/Bake,0,0,0,0,0
Sand/Caf/Bake,Sand/Caf/Bake,jill's deli (fresh homemade food),Breakfast,Sandwiches,Sand/Caf/Bake,0,0,0,0,0
Sand/Caf/Bake,Desserts,milburn cafe  and  takeaway,Breakfast,Desserts,Sand/Caf/Bake,0,0,0,0,0
Sand/Caf/Bake,Sand/Caf/Bake,audreys coffee house  and  deli,Café,Breakfast,Sand/Caf/Bake,0,0,0,0,0
Sand/Caf/Bake,Burger,angies sandwich shop,Breakfast,Burgers,Sand/Caf/Bake,0,0,0,0,0
Sand/Caf/Bake,Sand/Caf/Bake,fika coffee shop,Breakfast,Café,Sand/Caf/Bake,0,0,0,0,0
Sand/Caf/Bake,Lunch,snack box,Breakfast,Lunch,Sand/Caf/Bake,0,0,0,0,0
Sand/Caf/Bake,Dinner,serenity cafe  and  restaurant,Breakfast,Dinner,Sand/Caf/Bake,0,0,0,0,0
Sand/Caf/Bake,Sand/Caf/Bake,caffe monza,Café,Breakfast,Sand/Caf/Bake,0,0,0,0,0
English,Sand/Caf/Bake,delilah's,English,Breakfast,Sand/Caf/Bake,0,0,0,0,0
Sand/Caf/Bake,Sand/Caf/Bake,savoy cafe,Café,Breakfast,Sand/Caf/Bake,0,0,0,0,0
Sand/Caf/Bake,Desserts,bagel stop,Bagels,Desserts,Sand/Caf/Bake,0,0,0,0,0
Sand/Caf/Bake,French,bonjour bon appetit,Sandwiches,French,Sand/Caf/Bake,0,0,0,0,0
Sand/Caf/Bake,Desserts,angel's cakes,Sandwiches,Desserts,Sand/Caf/Bake,0,0,0,0,0
Sand/Caf/Bake,Sand/Caf/Bake,east river,Bagels,Deli,Sand/Caf/Bake,0,0,0,0,0
Sand/Caf/Bake,Lunch,jimbo's bistro,Breakfast,Lunch,Sand/Caf/Bake,0,0,0,0,0
Sand/Caf/Bake,Lunch,the wee shop,Breakfast,Lunch,Sand/Caf/Bake,0,0,0,0,0
English,Sand/Caf/Bake,the tea shop tea time,English,Breakfast,Sand/Caf/Bake,0,0,0,0,0
Sand/Caf/Bake,European,cafe ferguslie,Breakfast,European,Sand/Caf/Bake,0,0,0,0,0
Sand/Caf/Bake,Lunch,the food crate cafe,Breakfast,Lunch,Sand/Caf/Bake,0,0,0,0,0
Sand/Caf/Bake,Kebab,emma's cafe,Breakfast,Kebab,Sand/Caf/Bake,0,0,0,0,0
British,Sand/Caf/Bake,the victoria gate,British,Breakfast,Sand/Caf/Bake,0,0,0,0,0
Sand/Caf/Bake,Lunch,the little owl cafe,Breakfast,Lunch,Sand/Caf/Bake,0,0,0,0,0
Sand/Caf/Bake,Sand/Caf/Bake,soldiercheftakeaway,Sandwiches,Baguettes,Sand/Caf/Bake,0,0,0,0,0
Sand/Caf/Bake,Sand/Caf/Bake,roberto's coffee  and  more,Sandwiches,Breakfast,Sand/Caf/Bake,0,0,0,0,0
Sand/Caf/Bake,Sand/Caf/Bake,dj snax,Breakfast,Sandwiches,Sand/Caf/Bake,0,0,0,0,0
Mexican,Sand/Caf/Bake,tika taco,Mexican,Breakfast,Sand/Caf/Bake,0,0,0,0,0
Vegan,Sand/Caf/Bake,claypath deli,Vegan,Deli,Sand/Caf/Bake,0,0,0,0,0
English,Sand/Caf/Bake,fountell's,English,Breakfast,Sand/Caf/Bake,0,0,0,0,0
Sand/Caf/Bake,Sand/Caf/Bake,beryls 2 sandwich shop,Sandwiches,Breakfast,Sand/Caf/Bake,0,0,0,0,0
Sand/Caf/Bake,Sand/Caf/Bake,dory's,Salads,Sandwiches,Sand/Caf/Bake,0,0,0,0,0
Scottish,Sand/Caf/Bake,glesga grub,Scottish,Breakfast,Sand/Caf/Bake,0,0,0,0,0
Sand/Caf/Bake,Lunch,millennium cafe,Breakfast,Lunch,Sand/Caf/Bake,0,0,0,0,0
Sand/Caf/Bake,Lunch,tilly roll on,Breakfast,Lunch,Sand/Caf/Bake,0,0,0,0,0
Sand/Caf/Bake,Sand/Caf/Bake,cafe 53,Café,Breakfast,Sand/Caf/Bake,0,0,0,0,0
Sand/Caf/Bake,Burger,bostons sandwich bar,Breakfast,Burgers,Sand/Caf/Bake,0,0,0,0,0
Sand/Caf/Bake,Sand/Caf/Bake,delicious dishes,Breakfast,Café,Sand/Caf/Bake,0,0,0,0,0
Sand/Caf/Bake,Dinner,kaye's kitchen @ the ash tree,Breakfast,Dinner,Sand/Caf/Bake,0,0,0,0,0
British,Sand/Caf/Bake,pig  and  apple,British,Wraps,Sand/Caf/Bake,0,0,0,0,0
Sand/Caf/Bake,Sand/Caf/Bake,j d's sandwich bar,Breakfast,Sandwiches,Sand/Caf/Bake,0,0,0,0,0
Sand/Caf/Bake,Sand/Caf/Bake,the garden house,Café,Breakfast,Sand/Caf/Bake,0,0,0,0,0
English,Sand/Caf/Bake,bond street bistro,English,Café,Sand/Caf/Bake,0,0,0,0,0
Sand/Caf/Bake,Roast Dinners,baums cafe,Breakfast,Roast Dinners,Sand/Caf/Bake,0,0,0,0,0
Healthy,Sand/Caf/Bake,under500,Healthy,Salads,Sand/Caf/Bake,0,0,0,0,0
Sand/Caf/Bake,Sand/Caf/Bake,coffee planet,Café,Sandwiches,Sand/Caf/Bake,0,0,0,0,0
Sand/Caf/Bake,English,horse  and  jockey,Breakfast,English,Sand/Caf/Bake,0,0,0,0,0
Sand/Caf/Bake,English,j's kitchen,Breakfast,English,Sand/Caf/Bake,0,0,0,0,0
Sand/Caf/Bake,Sand/Caf/Bake,bagel craft,Bagels,Sandwiches,Sand/Caf/Bake,0,0,0,0,0
Sand/Caf/Bake,Kebab,gourmet cafe  and  grill,Breakfast,Kebab,Sand/Caf/Bake,0,0,0,0,0
Sand/Caf/Bake,Grill,adils cafe and shawarma,Sandwiches,Grill,Sand/Caf/Bake,0,0,0,0,0
Sand/Caf/Bake,Sand/Caf/Bake,take a break cafe,Breakfast,Café,Sand/Caf/Bake,0,0,0,0,0
Caribbean,Sand/Caf/Bake,caribbean lunch boxx,Caribbean,Breakfast,Sand/Caf/Bake,0,0,0,0,0
Vietnamese,Sand/Caf/Bake,banh mi bay,Vietnamese,Sandwiches,Sand/Caf/Bake,0,0,0,0,0
Sand/Caf/Bake,Sand/Caf/Bake,emma's sandwich bar,Café,Breakfast,Sand/Caf/Bake,0,0,0,0,0
Sand/Caf/Bake,Sand/Caf/Bake,bespoke cafe,Café,Breakfast,Sand/Caf/Bake,0,0,0,0,0
Sand/Caf/Bake,Sand/Caf/Bake,mr homebake,Breakfast,Café,Sand/Caf/Bake,0,0,0,0,0
Sand/Caf/Bake,Chicken,cocks kitchen,Breakfast,Chicken,Sand/Caf/Bake,0,0,0,0,0
Sand/Caf/Bake,Lunch,fresco deli,Deli,Lunch,Sand/Caf/Bake,0,0,0,0,0
Sand/Caf/Bake,Brunch,the flying pan,Breakfast,Brunch,Sand/Caf/Bake,0,0,0,0,0
Lebanese,Sand/Caf/Bake,the grill master,Lebanese,Café,Sand/Caf/Bake,0,0,0,0,0
Dinner,Sand/Caf/Bake,the bus stop cafe,Dinner,Breakfast,Sand/Caf/Bake,0,0,0,0,0
Sand/Caf/Bake,Greek,souvlaki,Wraps,Greek,Sand/Caf/Bake,0,0,0,0,0
Sand/Caf/Bake,Sand/Caf/Bake,cafe trio,Café,Breakfast,Sand/Caf/Bake,0,0,0,0,0
English,Sand/Caf/Bake,mccoy's,English,Breakfast,Sand/Caf/Bake,0,0,0,0,0
Mexican,Sand/Caf/Bake,h.a's mexican food,Mexican,Wraps,Sand/Caf/Bake,0,0,0,0,0
Sand/Caf/Bake,Sand/Caf/Bake,fat boys cafe,Café,Breakfast,Sand/Caf/Bake,0,0,0,0,0
Sand/Caf/Bake,Sand/Caf/Bake,peppercorn sandwich bar,Sandwiches,Café,Sand/Caf/Bake,0,0,0,0,0
Sand/Caf/Bake,Vegan,the little gourmet,Breakfast,Vegan,Sand/Caf/Bake,0,0,0,0,0
British,Sand/Caf/Bake,cocoa caffe,British,Sandwiches,Sand/Caf/Bake,0,0,0,0,0
Sand/Caf/Bake,Pizza,2nd home,Breakfast,Italian,Sand/Caf/Bake,0,0,0,0,0
Sand/Caf/Bake,Desserts,egg n waffle,Breakfast,Waffles,Sand/Caf/Bake,0,0,0,0,0
Sand/Caf/Bake,Sand/Caf/Bake,the hyndland cafe,Café,Breakfast,Sand/Caf/Bake,0,0,0,0,0
Sand/Caf/Bake,Sand/Caf/Bake,tnc catering ltd,Breakfast,Café,Sand/Caf/Bake,0,0,0,0,0
British,Sand/Caf/Bake,annies bistro,British,Sandwiches,Sand/Caf/Bake,0,0,0,0,0
Sand/Caf/Bake,Lunch,gusto cafe,Breakfast,Lunch,Sand/Caf/Bake,0,0,0,0,0
Sand/Caf/Bake,Sand/Caf/Bake,crusty cottage,Breakfast,Sandwiches,Sand/Caf/Bake,0,0,0,0,0
Sand/Caf/Bake,Vegan,coffi bank,Breakfast,Vegan,Sand/Caf/Bake,0,0,0,0,0
Sand/Caf/Bake,Sand/Caf/Bake,the coffee house cafe,Breakfast,Café,Sand/Caf/Bake,0,0,0,0,0
British,Sand/Caf/Bake,cafe poe,British,Café,Sand/Caf/Bake,0,0,0,0,0
Sand/Caf/Bake,Lunch,butterfly cafe,Café,Lunch,Sand/Caf/Bake,0,0,0,0,0
Thai,Sand/Caf/Bake,cooper thai restaurant,Thai,Salads,Sand/Caf/Bake,0,0,0,0,0
Sand/Caf/Bake,English,degsy's diner,Breakfast,English,Sand/Caf/Bake,0,0,0,0,0
Sand/Caf/Bake,Sand/Caf/Bake,breakfast express,Breakfast,Sandwiches,Sand/Caf/Bake,0,0,0,0,0
British,Sand/Caf/Bake,the hungry moose cafe,British,Breakfast,Sand/Caf/Bake,0,0,0,0,0
Sand/Caf/Bake,Sand/Caf/Bake,copland cafe,Café,Breakfast,Sand/Caf/Bake,0,0,0,0,0
Sand/Caf/Bake,Sand/Caf/Bake,the cornerstone cafe,Café,Sandwiches,Sand/Caf/Bake,0,0,0,0,0
Sand/Caf/Bake,Sand/Caf/Bake,sizzlers sandwich bar,Breakfast,Sandwiches,Sand/Caf/Bake,0,0,0,0,0
Sand/Caf/Bake,Sand/Caf/Bake,sandwich corner,Breakfast,Sandwiches,Sand/Caf/Bake,0,0,0,0,0
English,Sand/Caf/Bake,the lillies cafe,English,Café,Sand/Caf/Bake,0,0,0,0,0
English,Sand/Caf/Bake,popina's,English,Breakfast,Sand/Caf/Bake,0,0,0,0,0
Sand/Caf/Bake,Lunch,deli 654,Breakfast,Lunch,Sand/Caf/Bake,0,0,0,0,0
Sand/Caf/Bake,Sand/Caf/Bake,rees's diner,Breakfast,Sandwiches,Sand/Caf/Bake,0,0,0,0,0
Sand/Caf/Bake,Sand/Caf/Bake,dinerz,Breakfast,Sandwiches,Sand/Caf/Bake,0,0,0,0,0
Sand/Caf/Bake,Lunch,kozy kaff,Breakfast,Lunch,Sand/Caf/Bake,0,0,0,0,0
Sand/Caf/Bake,Pizza,la mela,Breakfast,Italian,Sand/Caf/Bake,0,0,0,0,0
Sand/Caf/Bake,Sand/Caf/Bake,little tasties bridgeton,Café,Breakfast,Sand/Caf/Bake,0,0,0,0,0
Sand/Caf/Bake,Sand/Caf/Bake,stuart's sandwich shop,Breakfast,Sandwiches,Sand/Caf/Bake,0,0,0,0,0
British,Sand/Caf/Bake,crazy chops bistro,British,Breakfast,Sand/Caf/Bake,0,0,0,0,0
Sand/Caf/Bake,Sand/Caf/Bake,tiffany's cafe,Café,Breakfast,Sand/Caf/Bake,0,0,0,0,0
Sand/Caf/Bake,Sand/Caf/Bake,cafe blu,Breakfast,Panini's,Sand/Caf/Bake,0,0,0,0,0
Middle Eastern,Sand/Caf/Bake,kilwe cafe restaurant,Middle Eastern,Breakfast,Sand/Caf/Bake,0,0,0,0,0
Sand/Caf/Bake,Desserts,j and j cafe,Breakfast,Desserts,Sand/Caf/Bake,0,0,0,0,0
Sand/Caf/Bake,Healthy,as u like it,Breakfast,Healthy,Sand/Caf/Bake,0,0,0,0,0
Sand/Caf/Bake,Sand/Caf/Bake,cafe liza,Café,Sandwiches,Sand/Caf/Bake,0,0,0,0,0
Sand/Caf/Bake,Sand/Caf/Bake,cousins cafe @ cousins furniture,Breakfast,Café,Sand/Caf/Bake,0,0,0,0,0
Sand/Caf/Bake,English,mila rosina's,Breakfast,English,Sand/Caf/Bake,0,0,0,0,0
Sand/Caf/Bake,Sand/Caf/Bake,christof's sandwich shop,Breakfast,Sandwiches,Sand/Caf/Bake,0,0,0,0,0
Sand/Caf/Bake,Lunch,cafe 33a,Breakfast,Lunch,Sand/Caf/Bake,0,0,0,0,0
African,Sand/Caf/Bake,jarraba's taste of africa,African,Breakfast,Sand/Caf/Bake,0,0,0,0,0
Caribbean,Sand/Caf/Bake,elsha delight,Caribbean,Breakfast,Sand/Caf/Bake,0,0,0,0,0
Sand/Caf/Bake,Lunch,on fire cafe,Breakfast,Lunch,Sand/Caf/Bake,0,0,0,0,0
Sand/Caf/Bake,Healthy,pono superfood bar,Salads,Healthy,Sand/Caf/Bake,0,0,0,0,0
Sand/Caf/Bake,Sand/Caf/Bake,scott's cafe,Breakfast,Café,Sand/Caf/Bake,0,0,0,0,0
English,Sand/Caf/Bake,spudfellas,English,Wraps,Sand/Caf/Bake,0,0,0,0,0
Healthy,Sand/Caf/Bake,shaks deli house,Healthy,Deli,Sand/Caf/Bake,0,0,0,0,0
Lebanese,Sand/Caf/Bake,the orange room,Lebanese,Sandwiches,Sand/Caf/Bake,0,0,0,0,0
British,Sand/Caf/Bake,fanny adams coffee shop,British,Breakfast,Sand/Caf/Bake,0,0,0,0,0
Sand/Caf/Bake,Sand/Caf/Bake,a and m catering,Breakfast,Café,Sand/Caf/Bake,0,0,0,0,0
Sand/Caf/Bake,Sand/Caf/Bake,well-fed @ whiteinch,Deli,Breakfast,Sand/Caf/Bake,0,0,0,0,0
Healthy,Sand/Caf/Bake,clean eats - dirty treats,Healthy,Breakfast,Sand/Caf/Bake,0,0,0,0,0
Sand/Caf/Bake,Sand/Caf/Bake,den's diner,Breakfast,Sandwiches,Sand/Caf/Bake,0,0,0,0,0
Sand/Caf/Bake,Burger,brits cottage,Breakfast,Burgers,Sand/Caf/Bake,0,0,0,0,0
Sand/Caf/Bake,Sand/Caf/Bake,the bank roll cafe,Café,Breakfast,Sand/Caf/Bake,0,0,0,0,0
Sand/Caf/Bake,Sand/Caf/Bake,wraps 4 u,Breakfast,Sandwiches,Sand/Caf/Bake,0,0,0,0,0
Sand/Caf/Bake,Fast Food,let's buffet sandwich bar,Sandwiches,Fast Food,Sand/Caf/Bake,0,0,0,0,0
Sand/Caf/Bake,Sand/Caf/Bake,mangobean,Deli,Café,Sand/Caf/Bake,0,0,0,0,0
Sand/Caf/Bake,Sand/Caf/Bake,taste of chamberlayne,Café,Sandwiches,Sand/Caf/Bake,0,0,0,0,0
Sand/Caf/Bake,Sand/Caf/Bake,breakfast  and  sandwich bar @ premier,Breakfast,Sandwiches,Sand/Caf/Bake,0,0,0,0,0
Sand/Caf/Bake,Sand/Caf/Bake,the sandwich corner,Deli,Breakfast,Sand/Caf/Bake,0,0,0,0,0
Sand/Caf/Bake,Lunch,lexis lunchbox,Breakfast,Lunch,Sand/Caf/Bake,0,0,0,0,0
Caribbean,Sand/Caf/Bake,variety diner southampton,Caribbean,Breakfast,Sand/Caf/Bake,0,0,0,0,0
Sand/Caf/Bake,Sand/Caf/Bake,greggs,Breakfast,Sandwiches,Sand/Caf/Bake,0,0,0,0,0
Sand/Caf/Bake,Lunch,subway,Sandwiches,Lunch,Sand/Caf/Bake,0,0,0,0,0
Sand/Caf/Bake,Drinks,tim horton,Sandwiches,Drinks,Sand/Caf/Bake,0,0,0,0,0
British,Sand/Caf/Bake,wenzel's,British,Sandwiches,Sand/Caf/Bake,0,0,0,0,0
Sand/Caf/Bake,Pancakes,ultimate cafe,Breakfast,Pancakes,Sand/Caf/Bake,0,0,0,0,0
British,Sand/Caf/Bake,fast break,British,Breakfast,Sand/Caf/Bake,0,0,0,0,0
Sand/Caf/Bake,Healthy,chop'd,Salads,Healthy,Sand/Caf/Bake,0,0,0,0,0
Sand/Caf/Bake,Healthy,wayne's coffee,Breakfast,Healthy,Sand/Caf/Bake,0,0,0,0,0
Sand/Caf/Bake,Pizza,bagel bite,Bagels,Pizza,Sand/Caf/Bake,0,0,0,0,0
Sand/Caf/Bake,Sand/Caf/Bake,baguette express,Breakfast,Panini's,Sand/Caf/Bake,0,0,0,0,0
Sand/Caf/Bake,Burger,bake station,Breakfast,Burgers,Sand/Caf/Bake,0,0,0,0,0
Sand/Caf/Bake,British,belly busters,Breakfast,British,Sand/Caf/Bake,0,0,0,0,0
Sand/Caf/Bake,Sand/Caf/Bake,berries bagels  and  shakes,Bagels,Bagels,Sand/Caf/Bake,0,0,0,0,0
Sand/Caf/Bake,Sand/Caf/Bake,bite,Sandwiches,Breakfast,Sand/Caf/Bake,0,0,0,0,0
Sand/Caf/Bake,Chicken,black lab,Breakfast,Chicken,Sand/Caf/Bake,0,0,0,0,0
Sand/Caf/Bake,Sand/Caf/Bake,brunch,Breakfast,Sandwiches,Sand/Caf/Bake,0,0,0,0,0
Sand/Caf/Bake,Burger,brunch cafe,Breakfast,Burgers,Sand/Caf/Bake,0,0,0,0,0
Sand/Caf/Bake,Sand/Caf/Bake,buttylicious,Breakfast,Sandwiches,Sand/Caf/Bake,0,0,0,0,0
Sand/Caf/Bake,English,cafe 55,Breakfast,English,Sand/Caf/Bake,0,0,0,0,0
Sand/Caf/Bake,British,cafe express,Café,British,Sand/Caf/Bake,0,0,0,0,0
Sand/Caf/Bake,British,cafe on the corner,Breakfast,British,Sand/Caf/Bake,0,0,0,0,0
Sand/Caf/Bake,Sand/Caf/Bake,cafe rose,Breakfast,Café,Sand/Caf/Bake,0,0,0,0,0
Sand/Caf/Bake,Dinner,crown cafe,Breakfast,Dinner,Sand/Caf/Bake,0,0,0,0,0
Sand/Caf/Bake,Burger,deli chez,Deli,Burgers,Sand/Caf/Bake,0,0,0,0,0
Sand/Caf/Bake,Sand/Caf/Bake,deli-licious,Breakfast,Breakfast,Sand/Caf/Bake,0,0,0,0,0
Sand/Caf/Bake,Burger,euro cafe,Breakfast,Burgers,Sand/Caf/Bake,0,0,0,0,0
Sand/Caf/Bake,Pizza,get stuffed,Breakfast,Pizza,Sand/Caf/Bake,0,0,0,0,0
Sand/Caf/Bake,English,grillaz,Breakfast,English,Sand/Caf/Bake,0,0,0,0,0
Sand/Caf/Bake,Burger,jenny's cafe  and  restaurant,Breakfast,Burgers,Sand/Caf/Bake,0,0,0,0,0
Caribbean,Sand/Caf/Bake,king's kitchen,Caribbean,Breakfast,Sand/Caf/Bake,0,0,0,0,0
Sand/Caf/Bake,Sand/Caf/Bake,lisa's cafe,Breakfast,Café,Sand/Caf/Bake,0,0,0,0,0
Sand/Caf/Bake,Sand/Caf/Bake,market cafe,Breakfast,Breakfast,Sand/Caf/Bake,0,0,0,0,0
Sand/Caf/Bake,Burger,mighty bite,Breakfast,Burgers,Sand/Caf/Bake,0,0,0,0,0
British,Sand/Caf/Bake,moxies fish bar,British,Breakfast,Sand/Caf/Bake,0,0,0,0,0
Sand/Caf/Bake,Burger,munch box,Breakfast,American,Sand/Caf/Bake,0,0,0,0,0
Sand/Caf/Bake,Burritos,nosh,Sandwiches,Burritos,Sand/Caf/Bake,0,0,0,0,0
Sand/Caf/Bake,Lunch,papa joes,Breakfast,Lunch,Sand/Caf/Bake,0,0,0,0,0
Sand/Caf/Bake,Burger,papa's,Breakfast,Burgers,Sand/Caf/Bake,0,0,0,0,0
Sand/Caf/Bake,Sand/Caf/Bake,paula's cafe,Breakfast,Breakfast,Sand/Caf/Bake,0,0,0,0,0
Sand/Caf/Bake,Burger,quiznos,Sandwiches,American,Sand/Caf/Bake,0,0,0,0,0
Sand/Caf/Bake,British,rockin rolls,Breakfast,British,Sand/Caf/Bake,0,0,0,0,0
Sand/Caf/Bake,Sand/Caf/Bake,saffron cafe,Café,Breakfast,Sand/Caf/Bake,0,0,0,0,0
Sand/Caf/Bake,Sand/Caf/Bake,saints  and  sinners,Breakfast,Breakfast,Sand/Caf/Bake,0,0,0,0,0
Sand/Caf/Bake,Burger,snack attack,Breakfast,Burgers,Sand/Caf/Bake,0,0,0,0,0
Sand/Caf/Bake,Sand/Caf/Bake,snack shack,Breakfast,Café,Sand/Caf/Bake,0,0,0,0,0
Sand/Caf/Bake,Sand/Caf/Bake,star cafe,Breakfast,Breakfast,Sand/Caf/Bake,0,0,0,0,0
Sand/Caf/Bake,Lunch,station cafe,Breakfast,Lunch,Sand/Caf/Bake,0,0,0,0,0
Greek,Sand/Caf/Bake,symposium,Greek,Deli,Sand/Caf/Bake,0,0,0,0,0
Sand/Caf/Bake,British,the breakfast box,Breakfast,British,Sand/Caf/Bake,0,0,0,0,0
Sand/Caf/Bake,Sand/Caf/Bake,the cafe,Breakfast,Breakfast,Sand/Caf/Bake,0,0,0,0,0
Sand/Caf/Bake,Sand/Caf/Bake,the family cafe,Breakfast,Breakfast,Sand/Caf/Bake,0,0,0,0,0
Sand/Caf/Bake,Burger,the grill shack,Breakfast,Burgers,Sand/Caf/Bake,0,0,0,0,0
Sand/Caf/Bake,Sand/Caf/Bake,the grove cafe,Breakfast,Café,Sand/Caf/Bake,0,0,0,0,0
Sand/Caf/Bake,English,the lunch box,Breakfast,English,Sand/Caf/Bake,0,0,0,0,0
Sand/Caf/Bake,Lunch,the munch box,Breakfast,Lunch,Sand/Caf/Bake,0,0,0,0,0
Sand/Caf/Bake,Sand/Caf/Bake,the orchard,Café,Breakfast,Sand/Caf/Bake,0,0,0,0,0
Sand/Caf/Bake,Sand/Caf/Bake,the rite bite,Breakfast,Breakfast,Sand/Caf/Bake,0,0,0,0,0
Sand/Caf/Bake,Burger,the roll shop,Breakfast,Burgers,Sand/Caf/Bake,0,0,0,0,0
Sand/Caf/Bake,Sand/Caf/Bake,the village cafe,Café,Breakfast,Sand/Caf/Bake,0,0,0,0,0
British,Sand/Caf/Bake,truly scrumptious,British,Breakfast,Sand/Caf/Bake,0,0,0,0,0
Sand/Caf/Bake,Greek,village cafe,Breakfast,Greek,Sand/Caf/Bake,0,0,0,0,0
Sand/Caf/Bake,British,zena's cafe,Breakfast,British,Sand/Caf/Bake,0,0,0,0,0
